product_id,category,unit_cost,unit_price,store_id,stock_on_hand,reorder_level,inventory_value,stock_status
P0001,Electronics,1201.32,1537.9,S044,143,64,171788.75999999998,Healthy
P0002,Sports,1572.08,2061.38,S047,4,66,6288.32,Reorder
P0003,Personal Care,860.7,1094.16,S045,222,78,191075.40000000002,Healthy
P0004,Grocery,506.28,703.69,S032,114,70,57715.92,Healthy
P0005,Grocery,487.06,726.51,S017,160,61,77929.6,Healthy
P0006,Office Supplies,1363.14,1723.18,S050,197,25,268538.58,Overstock
P0007,Electronics,1484.5,1952.66,S047,39,73,57895.5,Reorder
P0008,Sports,261.08,421.69,S022,178,29,46472.24,Overstock
P0009,Home Appliances,194.48,228.37,S002,185,39,35978.799999999996,Overstock
P0010,Electronics,1102.43,1521.78,S002,209,62,230407.87000000002,Overstock
P0011,Personal Care,331.42,499.05,S045,196,47,64958.32,Overstock
P0012,Office Supplies,1498.42,1835.9,S044,225,37,337144.5,Overstock
P0013,Sports,613.78,720.39,S006,32,71,19640.96,Reorder
P0014,Sports,327.46,399.21,S044,85,28,27834.1,Overstock
P0015,Sports,1664.07,2678.17,S046,87,30,144774.09,Healthy
P0016,Sports,364.71,421.11,S003,71,66,25894.41,Healthy
P0017,Personal Care,569.72,708.82,S005,133,26,75772.76000000001,Overstock
P0018,Electronics,344.22,401.24,S037,145,79,49911.9,Healthy
P0019,Office Supplies,278.64,335.85,S032,198,29,55170.719999999994,Overstock
P0020,Grocery,116.37,169.91,S031,82,40,9542.34,Healthy
P0021,Personal Care,175.28,222.75,S049,155,55,27168.4,Healthy
P0022,Grocery,380.38,545.7,S005,110,48,41841.8,Healthy
P0023,Home Appliances,171.82,248.3,S011,189,32,32473.98,Overstock
P0024,Office Supplies,1096.77,1727.1,S008,109,52,119547.93,Healthy
P0025,Sports,1250.83,1441.42,S030,59,74,73798.97,Reorder
P0026,Personal Care,757.04,1193.61,S047,92,50,69647.68,Healthy
P0027,Grocery,626.94,915.06,S041,86,71,53916.840000000004,Healthy
P0028,Sports,947.79,1167.08,S004,8,45,7582.32,Reorder
P0029,Personal Care,1585.01,2435.32,S042,109,64,172766.09,Healthy
P0030,Grocery,1543.95,2435.96,S002,138,77,213065.1,Healthy
P0031,Grocery,154.78,197.67,S012,0,67,0.0,Stockout
P0032,Home Appliances,392.18,631.17,S040,92,38,36080.56,Healthy
P0033,Electronics,487.2,670.99,S020,162,72,78926.4,Healthy
P0034,Personal Care,508.95,738.85,S002,249,79,126728.55,Overstock
P0035,Office Supplies,1062.52,1745.0,S015,212,75,225254.24,Healthy
P0036,Electronics,795.97,1059.25,S023,214,69,170337.58000000002,Overstock
P0037,Office Supplies,164.72,256.4,S039,121,60,19931.12,Healthy
P0038,Sports,722.62,946.05,S001,211,69,152472.82,Overstock
P0039,Home Appliances,980.86,1519.95,S048,171,64,167727.06,Healthy
P0040,Personal Care,254.88,369.67,S044,201,79,51230.88,Healthy
P0041,Electronics,1513.55,1904.32,S004,36,53,54487.799999999996,Reorder
P0042,Sports,169.37,229.84,S004,24,71,4064.88,Reorder
P0043,Sports,1670.73,2186.68,S019,207,68,345841.11,Overstock
P0044,Grocery,250.47,297.82,S033,187,57,46837.89,Overstock
P0045,Electronics,1530.95,1783.43,S034,9,66,13778.550000000001,Reorder
P0046,Office Supplies,1632.56,2160.27,S032,148,47,241618.88,Overstock
P0047,Grocery,1764.86,2046.39,S020,106,69,187075.16,Healthy
P0048,Office Supplies,1459.48,1799.17,S031,80,49,116758.4,Healthy
P0049,Sports,1420.7,2148.94,S016,200,60,284140.0,Overstock
P0050,Sports,1185.07,1782.4,S015,72,47,85325.04,Healthy
P0051,Sports,1419.87,2157.19,S035,148,44,210140.75999999998,Overstock
P0052,Home Appliances,311.43,407.53,S002,40,29,12457.2,Healthy
P0053,Grocery,1002.04,1598.26,S030,144,63,144293.76,Healthy
P0054,Grocery,964.46,1395.49,S049,176,53,169744.96000000002,Overstock
P0055,Grocery,1555.02,1886.26,S013,78,40,121291.56,Healthy
P0056,Electronics,876.01,1070.36,S026,21,75,18396.21,Reorder
P0057,Personal Care,742.35,1110.96,S019,48,69,35632.8,Reorder
P0058,Electronics,1180.05,1459.1,S043,73,78,86143.65,Reorder
P0059,Sports,538.32,755.61,S022,5,36,2691.6000000000004,Reorder
P0060,Sports,320.4,527.34,S020,194,48,62157.6,Overstock
P0061,Office Supplies,901.95,1039.05,S049,9,78,8117.55,Reorder
P0062,Sports,797.05,923.21,S009,25,61,19926.25,Reorder
P0063,Grocery,480.02,790.37,S048,174,54,83523.48,Overstock
P0064,Office Supplies,712.12,1027.1,S024,73,37,51984.76,Healthy
P0065,Grocery,710.2,861.8,S019,177,36,125705.40000000001,Overstock
P0066,Home Appliances,643.29,1028.4,S008,75,69,48246.75,Healthy
P0067,Office Supplies,732.68,1165.1,S012,190,65,139209.19999999998,Healthy
P0068,Grocery,1259.48,1786.07,S015,32,47,40303.36,Reorder
P0069,Electronics,590.63,862.85,S033,174,35,102769.62,Overstock
P0070,Grocery,1712.04,2202.7,S042,241,60,412601.64,Overstock
P0071,Sports,1656.12,1946.37,S006,228,26,377595.36,Overstock
P0072,Home Appliances,907.17,1312.93,S027,143,70,129725.31,Healthy
P0073,Grocery,644.78,836.52,S027,186,37,119929.08,Overstock
P0074,Electronics,1000.95,1483.22,S014,248,38,248235.6,Overstock
P0075,Sports,1539.52,2414.16,S039,155,43,238625.6,Overstock
P0076,Grocery,1202.45,1393.74,S008,218,54,262134.1,Overstock
P0077,Home Appliances,1463.55,2119.01,S020,208,67,304418.39999999997,Overstock
P0078,Home Appliances,996.28,1260.93,S018,64,77,63761.92,Reorder
P0079,Personal Care,1168.62,1854.53,S017,27,36,31552.739999999998,Reorder
P0080,Sports,575.63,734.98,S034,133,39,76558.79,Overstock
P0081,Office Supplies,1344.02,1956.07,S016,7,30,9408.14,Reorder
P0082,Grocery,428.14,610.86,S044,136,60,58227.04,Healthy
P0083,Electronics,1275.05,1718.87,S025,133,67,169581.65,Healthy
P0084,Sports,1560.44,2323.2,S034,78,54,121714.32,Healthy
P0085,Personal Care,307.22,464.79,S027,122,29,37480.840000000004,Overstock
P0086,Sports,1136.73,1629.47,S029,212,71,240986.76,Healthy
P0087,Electronics,243.56,372.45,S031,217,63,52852.520000000004,Overstock
P0088,Home Appliances,1328.23,2180.57,S002,16,73,21251.68,Reorder
P0089,Sports,225.33,306.37,S031,176,44,39658.08,Overstock
P0090,Sports,1689.82,2378.07,S041,39,42,65902.98,Reorder
P0091,Grocery,316.34,365.76,S009,94,43,29735.96,Healthy
P0092,Sports,1729.27,2676.93,S034,101,25,174656.27,Overstock
P0093,Office Supplies,1457.52,2055.27,S027,61,78,88908.72,Reorder
P0094,Grocery,1101.13,1490.91,S037,136,48,149753.68000000002,Healthy
P0095,Office Supplies,1426.11,1707.1,S013,12,42,17113.32,Reorder
P0096,Home Appliances,1447.6,2308.67,S028,2,53,2895.2,Reorder
P0097,Home Appliances,1707.17,2300.42,S017,78,49,133159.26,Healthy
P0098,Sports,515.82,769.24,S016,194,37,100069.08000000002,Overstock
P0099,Personal Care,1094.93,1340.95,S039,37,47,40512.41,Reorder
P0100,Electronics,243.48,397.06,S026,220,66,53565.6,Overstock
P0101,Sports,1139.81,1412.48,S002,65,78,74087.65,Reorder
P0102,Home Appliances,374.62,468.19,S044,83,64,31093.46,Healthy
P0103,Sports,1051.72,1661.18,S004,181,75,190361.32,Healthy
P0104,Electronics,1064.58,1710.03,S024,142,53,151170.36,Healthy
P0105,Sports,881.49,1107.22,S044,92,54,81097.08,Healthy
P0106,Sports,978.93,1355.72,S042,70,66,68525.09999999999,Healthy
P0107,Sports,1393.95,2114.27,S011,86,29,119879.7,Healthy
P0108,Personal Care,1454.7,2311.78,S042,78,50,113466.6,Healthy
P0109,Grocery,926.5,1241.07,S019,177,71,163990.5,Healthy
P0110,Sports,1111.3,1565.28,S025,237,39,263378.1,Overstock
P0111,Home Appliances,1681.73,2557.67,S005,228,63,383434.44,Overstock
P0112,Sports,285.94,433.36,S008,40,57,11437.6,Reorder
P0113,Personal Care,281.42,433.8,S019,106,75,29830.52,Healthy
P0114,Grocery,230.86,331.28,S019,203,38,46864.58,Overstock
P0115,Personal Care,1211.52,1456.62,S020,123,56,149016.96,Healthy
P0116,Personal Care,800.01,1281.61,S043,211,62,168802.11,Overstock
P0117,Electronics,1411.83,2234.63,S024,229,59,323309.07,Overstock
P0118,Electronics,1234.52,1912.33,S015,189,27,233324.28,Overstock
P0119,Home Appliances,653.86,784.59,S034,203,68,132733.58000000002,Healthy
P0120,Electronics,1625.19,2035.06,S046,128,43,208024.32,Healthy
P0121,Grocery,1391.56,2117.68,S009,249,70,346498.44,Overstock
P0122,Sports,545.32,633.43,S007,59,44,32173.880000000005,Healthy
P0123,Personal Care,706.41,1158.24,S040,155,69,109493.54999999999,Healthy
P0124,Grocery,620.84,831.04,S029,1,29,620.84,Reorder
P0125,Office Supplies,351.09,530.03,S013,142,41,49854.78,Overstock
P0126,Personal Care,334.19,532.63,S038,158,66,52802.02,Healthy
P0127,Electronics,1690.14,2277.15,S027,9,39,15211.26,Reorder
P0128,Sports,833.19,1091.12,S042,80,77,66655.20000000001,Healthy
P0129,Personal Care,739.31,1075.23,S023,60,68,44358.6,Reorder
P0130,Personal Care,1335.06,1923.15,S011,8,29,10680.48,Reorder
P0131,Personal Care,1031.15,1396.76,S043,152,57,156734.80000000002,Healthy
P0132,Personal Care,1690.16,2452.23,S039,45,33,76057.2,Healthy
P0133,Electronics,1422.12,2300.55,S013,0,73,0.0,Stockout
P0134,Personal Care,904.52,1251.69,S019,229,71,207135.08,Overstock
P0135,Sports,727.34,907.99,S032,93,28,67642.62000000001,Overstock
P0136,Home Appliances,1777.01,2378.71,S002,202,50,358956.02,Overstock
P0137,Personal Care,1314.55,1770.77,S040,113,55,148544.15,Healthy
P0138,Electronics,1716.05,2085.95,S027,65,38,111543.25,Healthy
P0139,Grocery,283.78,349.46,S003,190,37,53918.2,Overstock
P0140,Grocery,1542.92,2302.47,S017,128,57,197493.76,Healthy
P0141,Office Supplies,1175.77,1551.71,S019,175,51,205759.75,Overstock
P0142,Home Appliances,289.71,471.49,S041,91,27,26363.609999999997,Overstock
P0143,Home Appliances,1091.8,1388.55,S041,135,60,147393.0,Healthy
P0144,Grocery,1260.09,1511.43,S023,244,26,307461.95999999996,Overstock
P0145,Office Supplies,101.16,154.45,S045,11,58,1112.76,Reorder
P0146,Office Supplies,861.43,1370.12,S032,74,67,63745.82,Healthy
P0147,Electronics,1499.69,1933.19,S021,209,60,313435.21,Overstock
P0148,Home Appliances,588.02,735.64,S036,96,68,56449.92,Healthy
P0149,Sports,868.7,1079.69,S028,30,34,26061.0,Reorder
P0150,Electronics,840.78,1186.35,S048,113,78,95008.14,Healthy
P0151,Office Supplies,599.32,829.58,S050,70,47,41952.4,Healthy
P0152,Home Appliances,1659.72,2123.98,S045,169,73,280492.68,Healthy
P0153,Office Supplies,1423.83,1669.56,S044,133,70,189369.38999999998,Healthy
P0154,Home Appliances,270.21,375.79,S042,196,64,52961.159999999996,Overstock
P0155,Grocery,1794.9,2925.09,S024,197,56,353595.30000000005,Overstock
P0156,Personal Care,1592.22,2350.53,S020,245,77,390093.9,Overstock
P0157,Electronics,568.32,794.37,S026,24,47,13639.68,Reorder
P0158,Personal Care,1519.46,1831.48,S021,227,53,344917.42,Overstock
P0159,Personal Care,263.04,335.7,S027,36,65,9469.44,Reorder
P0160,Sports,1798.46,2333.3,S032,99,74,178047.54,Healthy
P0161,Office Supplies,1224.98,1877.16,S005,150,50,183747.0,Overstock
P0162,Personal Care,1198.22,1903.2,S009,187,75,224067.14,Healthy
P0163,Grocery,235.56,377.09,S017,248,62,58418.88,Overstock
P0164,Grocery,1622.9,2665.26,S011,10,38,16229.0,Reorder
P0165,Grocery,129.88,213.16,S022,172,25,22339.36,Overstock
P0166,Sports,494.22,803.85,S012,71,71,35089.62,Reorder
P0167,Home Appliances,326.0,386.61,S028,147,70,47922.0,Healthy
P0168,Home Appliances,1416.04,1726.01,S006,162,34,229398.47999999998,Overstock
P0169,Grocery,420.91,548.12,S039,77,63,32410.070000000003,Healthy
P0170,Electronics,1646.3,2348.36,S047,224,74,368771.2,Overstock
P0171,Electronics,1208.78,1448.71,S039,129,26,155932.62,Overstock
P0172,Electronics,142.2,223.67,S030,11,50,1564.1999999999998,Reorder
P0173,Sports,89.34,130.29,S006,44,53,3930.96,Reorder
P0174,Sports,168.85,239.97,S007,229,56,38666.65,Overstock
P0175,Sports,1122.19,1383.27,S001,55,40,61720.450000000004,Healthy
P0176,Grocery,1458.55,1862.03,S048,138,69,201279.9,Healthy
P0177,Sports,490.31,603.16,S037,238,45,116693.78,Overstock
P0178,Electronics,1540.98,2428.53,S044,209,46,322064.82,Overstock
P0179,Office Supplies,178.44,257.33,S006,188,63,33546.72,Healthy
P0180,Personal Care,1457.66,2212.09,S042,98,41,142850.68000000002,Healthy
P0181,Office Supplies,1675.81,2175.23,S014,38,55,63680.78,Reorder
P0182,Electronics,1408.03,1880.6,S013,200,72,281606.0,Healthy
P0183,Grocery,1280.77,1732.15,S026,86,49,110146.22,Healthy
P0184,Sports,1521.33,2327.65,S031,88,66,133877.03999999998,Healthy
P0185,Grocery,149.06,228.98,S015,127,42,18930.62,Overstock
P0186,Grocery,427.07,535.29,S008,155,62,66195.85,Healthy
P0187,Electronics,294.87,477.92,S033,189,67,55730.43,Healthy
P0188,Grocery,947.79,1147.14,S021,36,26,34120.44,Healthy
P0189,Home Appliances,1361.72,2176.11,S002,62,43,84426.64,Healthy
P0190,Home Appliances,1163.62,1396.57,S035,165,44,191997.3,Overstock
P0191,Sports,1543.95,1979.76,S020,2,48,3087.9,Reorder
P0192,Personal Care,346.97,545.87,S003,71,44,24634.870000000003,Healthy
P0193,Personal Care,1343.55,1665.66,S009,216,56,290206.8,Overstock
P0194,Grocery,412.03,559.04,S044,226,28,93118.78,Overstock
P0195,Office Supplies,545.71,750.31,S022,118,38,64393.780000000006,Overstock
P0196,Electronics,1301.04,1655.74,S050,113,69,147017.52,Healthy
P0197,Grocery,1765.95,2657.97,S041,128,51,226041.6,Healthy
P0198,Electronics,1131.86,1783.43,S013,102,65,115449.71999999999,Healthy
P0199,Grocery,173.74,275.78,S017,66,48,11466.84,Healthy
P0200,Office Supplies,1140.05,1504.48,S024,141,30,160747.05,Overstock
P0201,Grocery,152.84,216.33,S033,17,57,2598.28,Reorder
P0202,Office Supplies,1600.73,2039.66,S046,68,36,108849.64,Healthy
P0203,Grocery,1300.47,1654.72,S007,90,52,117042.3,Healthy
P0204,Sports,377.78,464.91,S035,99,78,37400.219999999994,Healthy
P0205,Grocery,237.76,385.17,S034,109,35,25915.84,Overstock
P0206,Home Appliances,395.68,630.71,S034,48,70,18992.64,Reorder
P0207,Sports,1765.65,2716.77,S026,175,60,308988.75,Healthy
P0208,Office Supplies,868.72,1223.88,S048,74,25,64285.28,Healthy
P0209,Home Appliances,1428.62,1993.36,S002,207,69,295724.33999999997,Overstock
P0210,Sports,1174.62,1661.94,S043,190,41,223177.8,Overstock
P0211,Home Appliances,1064.55,1509.83,S025,117,68,124552.34999999999,Healthy
P0212,Sports,329.62,450.68,S050,214,49,70538.68000000001,Overstock
P0213,Sports,1707.16,2075.7,S018,211,67,360210.76,Overstock
P0214,Grocery,598.31,725.65,S042,14,34,8376.34,Reorder
P0215,Sports,1074.19,1746.77,S036,72,77,77341.68000000001,Reorder
P0216,Home Appliances,1283.61,1785.52,S044,197,36,252871.16999999998,Overstock
P0217,Electronics,1196.68,1946.52,S049,32,77,38293.76,Reorder
P0218,Electronics,1697.82,2091.36,S015,66,76,112056.12,Reorder
P0219,Grocery,335.32,478.57,S020,36,27,12071.52,Healthy
P0220,Office Supplies,954.37,1196.65,S046,47,78,44855.39,Reorder
P0221,Electronics,774.94,989.28,S028,5,62,3874.7000000000003,Reorder
P0222,Grocery,895.57,1043.36,S050,85,49,76123.45,Healthy
P0223,Sports,285.05,344.76,S038,212,36,60430.600000000006,Overstock
P0224,Home Appliances,310.64,499.64,S015,167,48,51876.88,Overstock
P0225,Sports,558.29,731.79,S023,71,57,39638.59,Healthy
P0226,Home Appliances,604.09,878.39,S005,223,50,134712.07,Overstock
P0227,Sports,815.99,1128.11,S016,233,68,190125.67,Overstock
P0228,Personal Care,1130.9,1526.97,S039,32,34,36188.8,Reorder
P0229,Personal Care,1171.56,1658.86,S025,240,77,281174.39999999997,Overstock
P0230,Home Appliances,788.31,980.36,S020,152,46,119823.12,Overstock
P0231,Grocery,783.11,1287.67,S034,201,26,157405.11000000002,Overstock
P0232,Office Supplies,454.32,708.35,S003,176,52,79960.31999999999,Overstock
P0233,Electronics,1091.89,1660.55,S046,132,37,144129.48,Overstock
P0234,Sports,625.31,865.67,S031,134,32,83791.54,Overstock
P0235,Grocery,142.02,174.18,S012,147,50,20876.940000000002,Healthy
P0236,Sports,799.65,1287.7,S012,154,57,123146.09999999999,Healthy
P0237,Personal Care,895.51,1182.69,S038,127,53,113729.77,Healthy
P0238,Grocery,468.02,549.95,S005,101,49,47270.02,Healthy
P0239,Home Appliances,1064.63,1406.59,S041,50,51,53231.50000000001,Reorder
P0240,Personal Care,1053.13,1629.43,S030,127,58,133747.51,Healthy
P0241,Electronics,1287.44,1881.41,S008,56,74,72096.64,Reorder
P0242,Personal Care,1194.47,1822.07,S028,117,79,139752.99,Healthy
P0243,Electronics,1202.18,1859.55,S043,4,72,4808.72,Reorder
P0244,Personal Care,623.89,783.59,S048,120,52,74866.8,Healthy
P0245,Personal Care,1434.38,2312.07,S019,161,45,230935.18000000002,Overstock
P0246,Electronics,1024.53,1402.58,S015,223,33,228470.19,Overstock
P0247,Sports,822.04,1207.99,S006,186,32,152899.44,Overstock
P0248,Grocery,1156.74,1331.59,S042,102,43,117987.48,Healthy
P0249,Sports,700.33,1153.22,S041,249,34,174382.17,Overstock
P0250,Electronics,961.91,1241.3,S041,203,75,195267.72999999998,Healthy
P0251,Home Appliances,1347.13,1591.0,S042,188,58,253260.44000000003,Overstock
P0252,Grocery,1604.61,2212.97,S039,79,56,126764.18999999999,Healthy
P0253,Home Appliances,1664.22,2021.22,S041,149,60,247968.78,Healthy
P0254,Home Appliances,946.25,1160.26,S047,11,45,10408.75,Reorder
P0255,Personal Care,974.87,1429.3,S011,34,25,33145.58,Healthy
P0256,Electronics,1455.78,1960.15,S043,176,59,256217.28,Healthy
P0257,Sports,620.86,1000.16,S029,100,56,62086.0,Healthy
P0258,Electronics,1520.3,1990.95,S037,47,30,71454.09999999999,Healthy
P0259,Home Appliances,929.92,1407.05,S008,198,55,184124.16,Overstock
P0260,Personal Care,279.27,385.55,S010,65,77,18152.55,Reorder
P0261,Sports,203.94,301.83,S040,12,25,2447.2799999999997,Reorder
P0262,Home Appliances,1528.23,2215.7,S041,101,70,154351.23,Healthy
P0263,Home Appliances,175.58,243.42,S033,68,67,11939.44,Healthy
P0264,Office Supplies,562.65,914.32,S048,11,49,6189.15,Reorder
P0265,Office Supplies,654.7,865.09,S039,13,58,8511.1,Reorder
P0266,Personal Care,377.55,467.64,S008,230,42,86836.5,Overstock
P0267,Grocery,619.9,923.06,S047,159,31,98564.09999999999,Overstock
P0268,Grocery,1357.43,2135.24,S007,228,75,309494.04000000004,Overstock
P0269,Personal Care,105.25,123.16,S017,138,58,14524.5,Healthy
P0270,Personal Care,1502.74,2065.99,S031,207,57,311067.18,Overstock
P0271,Home Appliances,1553.26,2479.38,S032,183,55,284246.58,Overstock
P0272,Electronics,720.29,1098.3,S004,233,32,167827.56999999998,Overstock
P0273,Electronics,344.21,566.54,S005,44,27,15145.24,Healthy
P0274,Office Supplies,1113.45,1576.32,S039,170,78,189286.5,Healthy
P0275,Grocery,285.84,423.04,S013,203,40,58025.52,Overstock
P0276,Grocery,707.66,920.84,S005,21,74,14860.859999999999,Reorder
P0277,Grocery,1728.5,2806.68,S046,27,44,46669.5,Reorder
P0278,Sports,1792.2,2389.3,S050,151,28,270622.2,Overstock
P0279,Electronics,1408.02,2139.14,S025,24,43,33792.479999999996,Reorder
P0280,Electronics,614.85,831.01,S011,189,39,116206.65000000001,Overstock
P0281,Home Appliances,1262.78,1806.92,S040,184,67,232351.52,Healthy
P0282,Grocery,1293.3,1952.74,S038,123,41,159075.9,Overstock
P0283,Sports,747.09,1049.26,S008,5,69,3735.4500000000003,Reorder
P0284,Grocery,1182.33,1895.92,S011,132,36,156067.56,Overstock
P0285,Grocery,98.45,133.86,S001,23,59,2264.35,Reorder
P0286,Office Supplies,439.58,647.74,S004,53,36,23297.739999999998,Healthy
P0287,Electronics,983.15,1298.92,S019,92,73,90449.8,Healthy
P0288,Personal Care,361.65,489.7,S001,180,62,65096.99999999999,Healthy
P0289,Personal Care,365.36,500.55,S019,67,59,24479.120000000003,Healthy
P0290,Grocery,1518.44,1841.72,S040,66,54,100217.04000000001,Healthy
P0291,Sports,1781.31,2130.2,S026,176,44,313510.56,Overstock
P0292,Home Appliances,1036.27,1537.56,S045,121,62,125388.67,Healthy
P0293,Office Supplies,1523.2,2250.92,S002,150,67,228480.0,Healthy
P0294,Home Appliances,1783.35,2641.95,S005,156,37,278202.6,Overstock
P0295,Personal Care,323.54,375.27,S019,237,41,76678.98000000001,Overstock
P0296,Personal Care,850.98,1117.57,S008,177,55,150623.46,Overstock
P0297,Office Supplies,755.23,943.21,S025,54,69,40782.42,Reorder
P0298,Grocery,217.68,335.03,S030,35,62,7618.8,Reorder
P0299,Home Appliances,1379.17,2179.52,S028,84,28,115850.28,Overstock
P0300,Electronics,826.1,1051.91,S005,40,64,33044.0,Reorder
P0301,Grocery,887.24,1316.6,S021,181,35,160590.44,Overstock
P0302,Sports,339.16,411.97,S048,99,66,33576.840000000004,Healthy
P0303,Electronics,391.19,503.69,S022,1,46,391.19,Reorder
P0304,Office Supplies,1640.22,1999.96,S018,126,27,206667.72,Overstock
P0305,Personal Care,156.8,202.55,S038,231,76,36220.8,Overstock
P0306,Electronics,480.51,714.7,S008,247,77,118685.97,Overstock
P0307,Home Appliances,582.34,934.75,S044,53,70,30864.02,Reorder
P0308,Personal Care,923.14,1155.09,S026,155,55,143086.7,Healthy
P0309,Home Appliances,1088.69,1547.07,S033,234,33,254753.46000000002,Overstock
P0310,Electronics,928.46,1393.34,S024,89,50,82632.94,Healthy
P0311,Personal Care,224.68,365.43,S041,156,56,35050.08,Healthy
P0312,Sports,499.11,726.22,S036,215,45,107308.65000000001,Overstock
P0313,Electronics,1530.97,1955.9,S022,73,63,111760.81,Healthy
P0314,Home Appliances,1176.65,1721.13,S017,6,38,7059.900000000001,Reorder
P0315,Home Appliances,1196.54,1567.76,S015,39,72,46665.06,Reorder
P0316,Personal Care,1232.75,2019.32,S029,8,71,9862.0,Reorder
P0317,Sports,1392.19,1879.23,S046,245,75,341086.55,Overstock
P0318,Sports,179.95,268.61,S042,208,63,37429.6,Overstock
P0319,Office Supplies,710.57,825.41,S035,241,66,171247.37000000002,Overstock
P0320,Sports,1007.99,1360.82,S032,91,40,91727.09,Healthy
P0321,Home Appliances,662.15,1051.2,S010,169,56,111903.34999999999,Overstock
P0322,Electronics,1532.5,2229.96,S010,157,44,240602.5,Overstock
P0323,Personal Care,910.02,1248.52,S022,164,75,149243.28,Healthy
P0324,Office Supplies,1402.04,2268.46,S004,149,46,208903.96,Overstock
P0325,Office Supplies,1545.47,2437.19,S024,21,52,32454.87,Reorder
P0326,Home Appliances,948.24,1243.24,S022,217,67,205768.08000000002,Overstock
P0327,Home Appliances,1644.43,2338.83,S012,52,43,85510.36,Healthy
P0328,Electronics,1089.85,1520.24,S011,162,72,176555.69999999998,Healthy
P0329,Electronics,1542.47,2261.42,S028,28,28,43189.16,Reorder
P0330,Personal Care,665.82,876.92,S031,137,50,91217.34000000001,Healthy
P0331,Personal Care,937.97,1193.19,S018,77,27,72223.69,Healthy
P0332,Grocery,994.03,1596.75,S038,13,35,12922.39,Reorder
P0333,Home Appliances,260.57,420.02,S039,128,66,33352.96,Healthy
P0334,Sports,765.51,1203.12,S006,33,79,25261.829999999998,Reorder
P0335,Grocery,1657.82,2717.34,S014,19,29,31498.579999999998,Reorder
P0336,Sports,1165.03,1773.75,S013,76,34,88542.28,Healthy
P0337,Office Supplies,385.31,590.42,S003,124,73,47778.44,Healthy
P0338,Home Appliances,662.83,1014.99,S049,236,59,156427.88,Overstock
P0339,Home Appliances,409.56,569.41,S049,37,72,15153.72,Reorder
P0340,Office Supplies,122.7,169.11,S038,16,60,1963.2,Reorder
P0341,Personal Care,1675.23,2127.73,S048,70,51,117266.1,Healthy
P0342,Home Appliances,850.92,1252.9,S050,18,46,15316.56,Reorder
P0343,Personal Care,608.96,788.4,S018,225,60,137016.0,Overstock
P0344,Personal Care,1109.38,1418.79,S011,73,34,80984.74,Healthy
P0345,Office Supplies,92.58,133.59,S023,77,69,7128.66,Healthy
P0346,Home Appliances,558.2,756.36,S033,65,36,36283.0,Healthy
P0347,Office Supplies,1289.22,1623.68,S018,168,56,216588.96,Overstock
P0348,Office Supplies,1170.08,1823.02,S030,221,46,258587.68,Overstock
P0349,Home Appliances,1768.71,2795.07,S043,155,33,274150.05,Overstock
P0350,Electronics,1147.02,1415.25,S042,81,53,92908.62,Healthy
P0351,Personal Care,901.31,1039.89,S011,152,42,136999.12,Overstock
P0352,Electronics,1389.66,1831.66,S004,218,28,302945.88,Overstock
P0353,Home Appliances,1633.72,2530.23,S045,18,31,29406.96,Reorder
P0354,Grocery,1319.6,2071.23,S048,126,34,166269.59999999998,Overstock
P0355,Office Supplies,1736.72,2117.35,S035,4,68,6946.88,Reorder
P0356,Office Supplies,1425.05,2190.54,S006,135,55,192381.75,Healthy
P0357,Electronics,1570.9,1897.41,S045,8,39,12567.2,Reorder
P0358,Office Supplies,276.26,371.58,S016,220,60,60777.2,Overstock
P0359,Electronics,1339.75,2209.66,S019,85,71,113878.75,Healthy
P0360,Sports,836.95,1043.09,S048,174,65,145629.30000000002,Healthy
P0361,Office Supplies,1031.34,1265.44,S021,136,26,140262.24,Overstock
P0362,Office Supplies,1205.06,1640.57,S028,196,67,236191.75999999998,Healthy
P0363,Home Appliances,1748.08,2551.91,S002,45,79,78663.59999999999,Reorder
P0364,Office Supplies,1773.47,2866.73,S004,94,29,166706.18,Overstock
P0365,Electronics,575.75,944.47,S003,150,74,86362.5,Healthy
P0366,Personal Care,1342.06,1590.1,S011,48,27,64418.88,Healthy
P0367,Grocery,1369.97,1669.99,S049,151,67,206865.47,Healthy
P0368,Home Appliances,675.97,1044.62,S042,199,74,134518.03,Healthy
P0369,Electronics,293.06,376.67,S029,47,74,13773.82,Reorder
P0370,Sports,150.43,239.55,S040,229,38,34448.47,Overstock
P0371,Grocery,1417.03,2099.65,S041,19,27,26923.57,Reorder
P0372,Personal Care,922.28,1112.2,S023,157,74,144797.96,Healthy
P0373,Grocery,1775.13,2780.32,S024,103,74,182838.39,Healthy
P0374,Grocery,879.75,1089.29,S035,4,68,3519.0,Reorder
P0375,Office Supplies,1762.02,2399.43,S008,150,33,264303.0,Overstock
P0376,Electronics,787.91,1123.63,S009,43,76,33880.13,Reorder
P0377,Sports,1445.13,2023.74,S014,66,59,95378.58,Healthy
P0378,Sports,225.89,337.27,S006,117,76,26429.129999999997,Healthy
P0379,Grocery,1035.39,1528.59,S015,190,27,196724.1,Overstock
P0380,Home Appliances,1459.54,2402.43,S013,74,73,108005.95999999999,Healthy
P0381,Electronics,1670.49,2755.83,S008,114,76,190435.86000000002,Healthy
P0382,Office Supplies,1494.84,2105.08,S025,91,46,136030.44,Healthy
P0383,Office Supplies,143.59,171.96,S041,191,61,27425.690000000002,Overstock
P0384,Home Appliances,721.05,1091.61,S050,160,31,115368.0,Overstock
P0385,Electronics,163.76,268.29,S022,88,25,14410.88,Overstock
P0386,Electronics,267.97,350.82,S032,148,59,39659.560000000005,Healthy
P0387,Electronics,1241.53,1714.06,S001,172,71,213543.16,Healthy
P0388,Sports,1306.8,1780.37,S014,7,49,9147.6,Reorder
P0389,Office Supplies,1410.8,1658.69,S016,240,54,338592.0,Overstock
P0390,Electronics,1568.59,2331.13,S014,42,68,65880.78,Reorder
P0391,Sports,1351.82,1793.42,S018,37,27,50017.34,Healthy
P0392,Home Appliances,1457.5,2249.99,S042,25,61,36437.5,Reorder
P0393,Grocery,164.22,257.18,S005,77,53,12644.94,Healthy
P0394,Personal Care,483.4,754.4,S040,88,60,42539.2,Healthy
P0395,Sports,1149.66,1561.62,S050,165,66,189693.90000000002,Healthy
P0396,Office Supplies,1555.98,2039.54,S017,223,62,346983.54,Overstock
P0397,Electronics,87.74,133.75,S019,133,61,11669.42,Healthy
P0398,Home Appliances,965.16,1496.67,S014,31,42,29919.96,Reorder
P0399,Home Appliances,1244.93,1737.46,S011,48,54,59756.64,Reorder
P0400,Home Appliances,130.92,209.02,S017,245,48,32075.399999999998,Overstock
P0401,Office Supplies,770.33,941.31,S025,131,34,100913.23000000001,Overstock
P0402,Sports,1620.49,2575.82,S031,19,48,30789.31,Reorder
P0403,Home Appliances,1235.17,1479.79,S047,121,71,149455.57,Healthy
P0404,Office Supplies,488.77,599.6,S039,50,78,24438.5,Reorder
P0405,Grocery,1546.78,2191.66,S048,174,42,269139.72,Overstock
P0406,Personal Care,678.61,803.31,S044,235,59,159473.35,Overstock
P0407,Grocery,1547.75,1820.78,S018,82,56,126915.5,Healthy
P0408,Electronics,594.18,683.46,S025,29,65,17231.219999999998,Reorder
P0409,Office Supplies,1095.35,1498.61,S011,11,58,12048.849999999999,Reorder
P0410,Electronics,762.74,1172.57,S033,206,77,157124.44,Healthy
P0411,Home Appliances,552.7,645.23,S047,148,40,81799.6,Overstock
P0412,Home Appliances,1604.88,2369.01,S045,170,31,272829.60000000003,Overstock
P0413,Home Appliances,402.66,628.78,S004,80,42,32212.800000000003,Healthy
P0414,Electronics,225.88,278.74,S018,111,32,25072.68,Overstock
P0415,Electronics,668.11,817.39,S029,241,52,161014.51,Overstock
P0416,Sports,1314.34,2077.18,S037,226,70,297040.83999999997,Overstock
P0417,Office Supplies,1468.78,2293.59,S049,143,69,210035.54,Healthy
P0418,Electronics,1797.84,2551.98,S011,38,77,68317.92,Reorder
P0419,Home Appliances,589.74,919.76,S009,101,57,59563.74,Healthy
P0420,Personal Care,781.66,935.16,S009,113,76,88327.58,Healthy
P0421,Office Supplies,315.33,424.83,S035,217,76,68426.61,Healthy
P0422,Sports,1068.78,1623.37,S027,12,26,12825.36,Reorder
P0423,Sports,1795.84,2296.39,S009,37,72,66446.08,Reorder
P0424,Personal Care,1285.52,1961.91,S020,148,43,190256.96,Overstock
P0425,Grocery,1103.77,1547.58,S001,233,30,257178.41,Overstock
P0426,Home Appliances,754.87,1151.28,S015,206,34,155503.22,Overstock
P0427,Office Supplies,1654.31,2286.82,S005,211,78,349059.41,Healthy
P0428,Sports,934.7,1246.85,S047,238,57,222458.6,Overstock
P0429,Electronics,311.11,391.87,S030,85,74,26444.350000000002,Healthy
P0430,Sports,708.45,888.53,S033,12,63,8501.400000000001,Reorder
P0431,Electronics,195.53,298.33,S016,70,53,13687.1,Healthy
P0432,Sports,427.4,516.92,S019,53,78,22652.199999999997,Reorder
P0433,Sports,110.39,131.69,S034,180,79,19870.2,Healthy
P0434,Electronics,859.64,1064.36,S039,104,71,89402.56,Healthy
P0435,Grocery,1171.41,1449.82,S034,29,25,33970.89,Healthy
P0436,Electronics,670.46,1046.96,S026,29,28,19443.34,Healthy
P0437,Personal Care,803.06,1083.53,S033,179,44,143747.74,Overstock
P0438,Office Supplies,1729.84,2845.92,S003,213,41,368455.92,Overstock
P0439,Electronics,1373.38,1673.61,S006,97,49,133217.86000000002,Healthy
P0440,Grocery,1010.27,1491.94,S028,239,27,241454.53,Overstock
P0441,Office Supplies,569.41,782.58,S019,202,36,115020.81999999999,Overstock
P0442,Home Appliances,1622.83,2185.07,S048,138,40,223950.53999999998,Overstock
P0443,Electronics,484.37,768.96,S012,176,68,85249.12,Healthy
P0444,Grocery,639.59,1047.52,S015,157,25,100415.63,Overstock
P0445,Personal Care,1643.59,2607.44,S031,4,57,6574.36,Reorder
P0446,Personal Care,990.81,1234.7,S026,95,75,94126.95,Healthy
P0447,Home Appliances,1356.79,1710.1,S031,111,31,150603.69,Overstock
P0448,Office Supplies,1096.08,1620.05,S021,223,32,244425.84,Overstock
P0449,Personal Care,1203.92,1558.52,S021,65,65,78254.8,Reorder
P0450,Home Appliances,594.94,902.74,S030,80,33,47595.200000000004,Healthy
P0451,Office Supplies,495.16,709.67,S007,176,66,87148.16,Healthy
P0452,Office Supplies,634.69,904.72,S049,108,48,68546.52,Healthy
P0453,Grocery,347.36,543.37,S017,22,29,7641.92,Reorder
P0454,Electronics,1583.82,2384.07,S049,39,48,61768.979999999996,Reorder
P0455,Personal Care,567.18,659.79,S031,133,51,75434.93999999999,Healthy
P0456,Personal Care,1045.76,1228.49,S049,72,76,75294.72,Reorder
P0457,Electronics,1442.2,2092.31,S020,207,63,298535.4,Overstock
P0458,Personal Care,1428.18,1989.59,S014,244,71,348475.92000000004,Overstock
P0459,Office Supplies,834.02,1067.62,S043,85,28,70891.7,Overstock
P0460,Electronics,899.16,1222.25,S025,101,61,90815.16,Healthy
P0461,Sports,1790.89,2738.19,S023,33,65,59099.37,Reorder
P0462,Electronics,1240.31,1938.98,S037,167,54,207131.77,Overstock
P0463,Sports,1481.18,2118.99,S039,133,61,196996.94,Healthy
P0464,Grocery,1632.39,2191.79,S004,179,58,292197.81,Overstock
P0465,Electronics,1434.65,1844.03,S050,187,79,268279.55,Healthy
P0466,Office Supplies,398.51,562.28,S032,104,37,41445.04,Healthy
P0467,Electronics,1046.93,1368.73,S046,155,37,162274.15000000002,Overstock
P0468,Personal Care,255.26,365.54,S023,167,32,42628.42,Overstock
P0469,Home Appliances,1203.03,1790.5,S030,191,54,229778.72999999998,Overstock
P0470,Office Supplies,1723.2,2038.61,S014,200,52,344640.0,Overstock
P0471,Sports,961.9,1106.7,S008,62,49,59637.799999999996,Healthy
P0472,Sports,824.71,1035.95,S019,106,69,87419.26000000001,Healthy
P0473,Grocery,141.65,226.25,S044,127,39,17989.55,Overstock
P0474,Grocery,1730.81,2549.73,S024,10,27,17308.1,Reorder
P0475,Personal Care,257.16,317.84,S033,94,53,24173.04,Healthy
P0476,Sports,150.66,240.32,S039,140,43,21092.399999999998,Overstock
P0477,Office Supplies,503.23,696.96,S003,199,64,100142.77,Overstock
P0478,Electronics,192.71,267.49,S019,243,72,46828.53,Overstock
P0479,Personal Care,862.8,1395.81,S044,157,57,135459.6,Healthy
P0480,Electronics,967.67,1141.6,S042,240,51,232240.8,Overstock
P0481,Home Appliances,617.62,776.71,S043,23,32,14205.26,Reorder
P0482,Sports,167.65,241.9,S034,154,53,25818.100000000002,Healthy
P0483,Home Appliances,271.95,339.32,S032,112,53,30458.399999999998,Healthy
P0484,Sports,741.35,1104.44,S037,46,58,34102.1,Reorder
P0485,Grocery,184.11,231.43,S018,97,40,17858.670000000002,Healthy
P0486,Home Appliances,1280.89,1536.53,S048,130,36,166515.7,Overstock
P0487,Grocery,436.08,546.62,S036,57,65,24856.559999999998,Reorder
P0488,Personal Care,599.56,816.22,S019,94,44,56358.63999999999,Healthy
P0489,Sports,757.9,938.33,S023,66,50,50021.4,Healthy
P0490,Personal Care,796.57,969.7,S007,5,69,3982.8500000000004,Reorder
P0491,Office Supplies,82.86,130.93,S047,169,51,14003.34,Overstock
P0492,Office Supplies,272.76,357.37,S036,43,42,11728.68,Healthy
P0493,Sports,1563.96,2080.66,S043,7,75,10947.720000000001,Reorder
P0494,Personal Care,82.12,96.71,S010,132,52,10839.84,Healthy
P0495,Home Appliances,954.05,1267.63,S023,13,56,12402.65,Reorder
P0496,Grocery,921.94,1182.3,S041,211,65,194529.34000000003,Overstock
P0497,Electronics,652.92,950.16,S022,200,68,130583.99999999999,Healthy
P0498,Grocery,821.88,1029.57,S013,16,75,13150.08,Reorder
P0499,Office Supplies,1422.6,2267.88,S003,170,43,241841.99999999997,Overstock
P0500,Grocery,1526.87,2465.64,S032,50,73,76343.5,Reorder
