product_id,product_name,category,revenue,profit,units_sold
P0092,Product_0092,Sports,960348.64,304955.31,379
P0373,Product_0373,Grocery,890119.47,290125.53,338
P0402,Product_0402,Sports,889430.68,294710.85,367
P0381,Product_0381,Electronics,822064.16,292518.83,317
P0084,Product_0084,Sports,810332.16,237650.68,367
P0164,Product_0164,Grocery,803709.11,284381.11,320
P0364,Product_0364,Office Supplies,803401.06,274907.0,298
P0155,Product_0155,Grocery,800012.15,283080.95,288
P0375,Product_0375,Office Supplies,797210.68,178741.66,351
P0075,Product_0075,Sports,795827.8,260074.84,348
P0015,Product_0015,Sports,785239.42,266049.58,312
P0136,Product_0136,Home Appliances,778551.76,161929.29,347
P0304,Product_0304,Office Supplies,776284.45,102154.03,411
P0111,Product_0111,Home Appliances,770114.46,233642.59,319
P0390,Product_0390,Electronics,770088.83,225788.1,347
P0127,Product_0127,Electronics,769790.5,163030.24,359
P0090,Product_0090,Sports,769186.76,194647.96,340
P0197,Product_0197,Grocery,763103.18,226254.38,304
P0454,Product_0454,Electronics,756942.24,221611.08,338
P0156,Product_0156,Personal Care,756635.59,212096.35,342
P0461,Product_0461,Sports,749031.81,235046.38,287
P0463,Product_0463,Sports,738785.81,189268.03,371
P0049,Product_0049,Sports,735259.84,215283.64,366
P0043,Product_0043,Sports,729804.47,141707.51,352
P0160,Product_0160,Sports,726472.89,122190.33,336
P0325,Product_0325,Office Supplies,726038.84,246943.14,310
P0357,Product_0357,Electronics,721395.35,83609.95,406
P0396,Product_0396,Office Supplies,716490.4,139221.82,371
P0363,Product_0363,Home Appliances,713896.82,194717.06,297
P0474,Product_0474,Grocery,708187.47,197598.52,295
P0500,Product_0500,Grocery,708131.81,247017.07,302
P0184,Product_0184,Sports,704928.85,216581.92,321
P0355,Product_0355,Office Supplies,703065.95,96950.67,349
P0030,Product_0030,Grocery,702652.64,230203.94,306
P0349,Product_0349,Home Appliances,701143.34,230666.48,266
P0353,Product_0353,Home Appliances,700873.74,220560.06,294
P0418,Product_0418,Electronics,699752.84,176581.4,291
P0132,Product_0132,Personal Care,699743.87,194386.03,299
P0392,Product_0392,Home Appliances,698171.77,217196.77,330
P0299,Product_0299,Home Appliances,694286.07,232264.12,335
P0181,Product_0181,Office Supplies,691614.41,128542.25,336
P0335,Product_0335,Grocery,691563.02,242293.8,271
P0070,Product_0070,Grocery,687352.52,125803.4,328
P0438,Product_0438,Office Supplies,686435.91,240137.19,258
P0464,Product_0464,Grocery,680879.48,138926.0,332
P0322,Product_0322,Electronics,680249.28,183719.28,324
P0133,Product_0133,Electronics,679812.42,233266.74,314
P0277,Product_0277,Grocery,677532.57,238493.57,254
P0209,Product_0209,Home Appliances,675948.36,161645.16,360
P0294,Product_0294,Home Appliances,670659.0,194504.55,267
P0207,Product_0207,Sports,667646.18,210342.83,259
P0278,Product_0278,Sports,664225.35,135526.35,295
P0391,Product_0391,Sports,663834.44,133921.0,392
P0327,Product_0327,Home Appliances,657211.22,170459.94,296
P0271,Product_0271,Home Appliances,657159.63,225353.35,278
P0170,Product_0170,Electronics,655779.5,165182.1,298
P0317,Product_0317,Sports,648146.41,142781.44,363
P0324,Product_0324,Office Supplies,644696.3,222682.26,301
P0380,Product_0380,Home Appliances,644211.62,229702.26,284
P0417,Product_0417,Office Supplies,643122.56,206894.9,297
P0077,Product_0077,Home Appliances,639305.41,172432.96,319
P0140,Product_0140,Grocery,639165.72,185547.24,294
P0252,Product_0252,Grocery,637335.31,147929.26,305
P0423,Product_0423,Sports,635755.47,111370.19,292
P0120,Product_0120,Electronics,631479.07,98416.75,328
P0293,Product_0293,Office Supplies,628231.74,172794.94,299
P0405,Product_0405,Grocery,626814.74,162780.74,300
P0138,Product_0138,Electronics,625576.3,90168.7,312
P0341,Product_0341,Personal Care,625552.64,106231.34,310
P0499,Product_0499,Office Supplies,621852.7,207876.1,291
P0270,Product_0270,Personal Care,619487.03,143118.45,317
P0093,Product_0093,Office Supplies,618122.48,148801.04,322
P0424,Product_0424,Personal Care,615843.55,186479.87,334
P0180,Product_0180,Personal Care,615071.66,182146.64,297
P0176,Product_0176,Grocery,611956.18,107297.88,346
P0291,Product_0291,Sports,611686.93,68387.38,305
P0427,Product_0427,Office Supplies,611038.31,144522.89,282
P0465,Product_0465,Electronics,606870.32,106177.47,349
P0097,Product_0097,Home Appliances,606045.69,129745.26,279
P0041,Product_0041,Electronics,605192.88,99667.18,334
P0216,Product_0216,Home Appliances,604041.37,141941.77,360
P0029,Product_0029,Personal Care,601767.59,192835.01,258
P0382,Product_0382,Office Supplies,601000.38,148063.86,303
P0457,Product_0457,Electronics,600179.1,163192.5,303
P0268,Product_0268,Grocery,597973.99,190744.99,300
P0202,Product_0202,Office Supplies,597620.31,93390.36,315
P0245,Product_0245,Personal Care,595936.08,200047.2,276
P0153,Product_0153,Office Supplies,595532.02,51628.96,382
P0442,Product_0442,Home Appliances,594448.3,128696.09,287
P0108,Product_0108,Personal Care,594127.4,198449.0,272
P0117,Product_0117,Electronics,591730.02,196417.62,280
P0262,Product_0262,Home Appliances,587936.01,156975.15,282
P0130,Product_0130,Personal Care,587426.07,153531.57,325
P0086,Product_0086,Sports,586772.2,152541.34,382
P0354,Product_0354,Grocery,583983.29,189422.89,299
P0079,Product_0079,Personal Care,583156.92,198680.94,329
P0359,Product_0359,Electronics,581472.01,205002.26,281
P0217,Product_0217,Electronics,579673.66,201522.78,316
P0096,Product_0096,Home Appliances,578437.29,194823.29,265
P0213,Product_0213,Sports,573515.99,73318.11,293
P0469,Product_0469,Home Appliances,570632.36,165211.25,337
P0189,Product_0189,Home Appliances,570140.78,191582.62,278
P0412,Product_0412,Home Appliances,570102.31,165672.55,252
P0336,Product_0336,Sports,567245.19,172300.02,339
P0367,Product_0367,Grocery,565375.02,70815.85,361
P0012,Product_0012,Office Supplies,564998.2,82506.96,322
P0051,Product_0051,Sports,561624.34,171160.09,275
P0081,Product_0081,Office Supplies,560511.89,149241.77,306
P0055,Product_0055,Grocery,559558.99,69727.69,315
P0035,Product_0035,Office Supplies,559359.75,201290.51,337
P0313,Product_0313,Electronics,555866.76,91982.85,303
P0356,Product_0356,Office Supplies,555082.89,167469.29,272
P0182,Product_0182,Electronics,553554.61,117065.31,310
P0118,Product_0118,Electronics,553523.9,179464.34,303
P0152,Product_0152,Home Appliances,553296.7,93554.26,277
P0329,Product_0329,Electronics,545793.73,154006.35,254
P0047,Product_0047,Grocery,536665.7,49564.34,276
P0371,Product_0371,Grocery,535305.65,154124.58,269
P0168,Product_0168,Home Appliances,534027.58,66734.38,330
P0470,Product_0470,Office Supplies,533810.12,51314.12,280
P0377,Product_0377,Sports,529916.33,129615.32,277
P0071,Product_0071,Sports,527563.55,45632.63,291
P0251,Product_0251,Home Appliances,522166.2,54712.09,347
P0447,Product_0447,Home Appliances,521922.54,82322.58,324
P0416,Product_0416,Sports,513894.28,172165.88,260
P0256,Product_0256,Electronics,513657.29,108950.45,278
P0002,Product_0002,Sports,509160.78,101992.06,259
P0107,Product_0107,Sports,508270.52,151419.32,256
P0314,Product_0314,Home Appliances,507216.97,138925.52,313
P0387,Product_0387,Electronics,506847.53,120731.7,311
P0007,Product_0007,Electronics,503981.53,94259.53,276
P0284,Product_0284,Grocery,503556.31,168956.92,283
P0147,Product_0147,Electronics,503209.26,83296.06,280
P0104,Product_0104,Electronics,502748.81,171664.43,311
P0274,Product_0274,Office Supplies,501585.02,124125.47,339
P0407,Product_0407,Grocery,497710.11,45767.11,292
P0292,Product_0292,Home Appliances,496478.11,142073.77,342
P0068,Product_0068,Grocery,495455.85,128947.17,291
P0178,Product_0178,Electronics,494448.65,163137.95,215
P0200,Product_0200,Office Supplies,492792.45,93774.95,350
P0045,Product_0045,Electronics,492761.73,47255.28,291
P0445,Product_0445,Personal Care,492154.3,165079.89,199
P0458,Product_0458,Personal Care,491826.55,119071.57,261
P0258,Product_0258,Electronics,490072.25,96314.55,259
P0144,Product_0144,Grocery,489476.64,57265.77,343
P0175,Product_0175,Sports,489262.62,71807.94,372
P0215,Product_0215,Sports,487348.81,172611.14,293
P0241,Product_0241,Electronics,486250.47,133491.91,274
P0253,Product_0253,Home Appliances,483880.09,59503.99,255
P0193,Product_0193,Personal Care,482208.49,69738.64,307
P0366,Product_0366,Personal Care,481641.33,50840.07,321
P0486,Product_0486,Home Appliances,481394.82,51015.78,336
P0240,Product_0240,Personal Care,481333.68,154863.38,310
P0048,Product_0048,Office Supplies,480198.45,67165.61,283
P0315,Product_0315,Home Appliances,479891.31,85033.11,330
P0095,Product_0095,Office Supplies,479780.44,54799.66,298
P0050,Product_0050,Sports,478841.76,141096.81,285
P0379,Product_0379,Grocery,477760.7,138152.78,328
P0493,Product_0493,Sports,477095.3,93925.1,245
P0462,Product_0462,Electronics,475243.93,152763.33,260
P0137,Product_0137,Personal Care,473769.46,101751.81,283
P0352,Product_0352,Electronics,473117.75,93740.57,273
P0203,Product_0203,Grocery,472670.77,85130.71,298
P0439,Product_0439,Electronics,472460.17,60446.17,300
P0449,Product_0449,Personal Care,471919.8,85461.48,321
P0279,Product_0279,Electronics,471466.47,141989.79,234
P0183,Product_0183,Grocery,469759.07,98335.77,290
P0191,Product_0191,Sports,469599.01,83611.51,250
P0255,Product_0255,Personal Care,469096.23,127891.73,350
P0395,Product_0395,Sports,468798.34,104356.12,317
P0121,Product_0121,Grocery,468324.91,141308.31,235
P0046,Product_0046,Office Supplies,466618.33,96027.21,227
P0218,Product_0218,Electronics,464491.01,62107.67,237
P0161,Product_0161,Office Supplies,464033.94,144314.16,261
P0242,Product_0242,Personal Care,463807.94,138912.1,272
P0162,Product_0162,Personal Care,463048.56,152709.58,259
P0332,Product_0332,Grocery,461460.72,160269.63,303
P0131,Product_0131,Personal Care,461280.01,102439.81,348
P0210,Product_0210,Sports,460274.3,112586.78,296
P0282,Product_0282,Grocery,459577.35,134959.05,251
P0158,Product_0158,Personal Care,459060.5,54884.14,266
P0290,Product_0290,Grocery,456930.73,59099.45,262
P0088,Product_0088,Home Appliances,455957.16,158433.64,224
P0211,Product_0211,Home Appliances,455742.17,115086.17,320
P0309,Product_0309,Home Appliances,454761.29,118356.08,309
P0094,Product_0094,Grocery,452267.52,101007.05,319
P0141,Product_0141,Office Supplies,450926.87,89965.48,307
P0448,Product_0448,Office Supplies,450616.92,129465.48,293
P0388,Product_0388,Sports,447228.91,99620.11,266
P0110,Product_0110,Sports,445400.48,109787.88,302
P0422,Product_0422,Sports,444397.47,134451.27,290
P0399,Product_0399,Home Appliances,443139.12,104518.16,272
P0440,Product_0440,Grocery,442211.05,125996.54,313
P0316,Product_0316,Personal Care,441221.45,160154.45,228
P0347,Product_0347,Office Supplies,436688.75,69261.05,285
P0025,Product_0025,Sports,432281.87,38270.42,315
P0190,Product_0190,Home Appliances,431679.77,51176.03,327
P0229,Product_0229,Personal Care,431137.68,111301.8,273
P0246,Product_0246,Electronics,429610.23,92539.86,329
P0495,Product_0495,Home Appliances,427571.6,89837.9,354
P0024,Product_0024,Office Supplies,427457.23,137909.95,264
P0460,Product_0460,Electronics,421615.17,94320.93,364
P0361,Product_0361,Office Supplies,421328.3,61390.64,349
P0344,Product_0344,Personal Care,415634.48,75054.82,307
P0480,Product_0480,Electronics,415428.24,40939.95,387
P0101,Product_0101,Sports,414986.62,63925.14,308
P0348,Product_0348,Office Supplies,414919.38,131760.02,242
P0350,Product_0350,Electronics,413748.38,58172.18,310
P0010,Product_0010,Electronics,413695.89,96196.05,288
P0074,Product_0074,Electronics,413076.8,113792.75,299
P0198,Product_0198,Electronics,409386.4,134344.42,243
P0196,Product_0196,Electronics,404331.74,71265.5,256
P0233,Product_0233,Electronics,399362.23,122022.17,254
P0403,Product_0403,Home Appliances,396583.64,47030.53,283
P0103,Product_0103,Sports,395526.9,130493.46,252
P0054,Product_0054,Grocery,395202.79,106829.25,299
P0362,Product_0362,Office Supplies,392506.32,85216.02,255
P0143,Product_0143,Home Appliances,392126.62,65678.42,299
P0053,Product_0053,Grocery,386299.4,127773.08,258
P0479,Product_0479,Personal Care,385732.14,134657.34,291
P0006,Product_0006,Office Supplies,385303.0,67691.38,233
P0134,Product_0134,Personal Care,385270.19,86778.59,330
P0398,Product_0398,Home Appliances,384569.36,120115.52,274
P0228,Product_0228,Personal Care,383803.82,81853.52,267
P0326,Product_0326,Home Appliances,383228.73,73154.25,327
P0425,Product_0425,Grocery,381787.92,90392.64,264
P0409,Product_0409,Office Supplies,381696.04,88142.24,268
P0058,Product_0058,Electronics,380970.97,55277.17,276
P0243,Product_0243,Electronics,379813.04,121344.34,215
P0249,Product_0249,Sports,378371.56,138858.7,342
P0064,Product_0064,Office Supplies,377613.22,102022.78,387
P0259,Product_0259,Home Appliances,374064.21,115546.45,278
P0083,Product_0083,Electronics,373338.61,80077.11,230
P0310,Product_0310,Electronics,373206.09,115094.21,278
P0287,Product_0287,Electronics,372595.19,72734.44,305
P0146,Product_0146,Office Supplies,372398.6,125168.19,287
P0320,Product_0320,Sports,371844.1,80534.99,289
P0389,Product_0389,Office Supplies,367399.84,41505.04,231
P0039,Product_0039,Home Appliances,367143.81,119967.09,252
P0426,Product_0426,Home Appliances,367143.19,113506.87,336
P0331,Product_0331,Personal Care,364937.06,62910.72,322
P0328,Product_0328,Electronics,362197.22,87555.02,252
P0300,Product_0300,Electronics,362172.58,58993.88,367
P0446,Product_0446,Personal Care,359606.35,57409.3,305
P0368,Product_0368,Home Appliances,359401.54,111996.52,366
P0026,Product_0026,Personal Care,358799.23,121845.71,313
P0239,Product_0239,Home Appliances,356500.14,70114.67,269
P0301,Product_0301,Grocery,353046.29,104619.09,280
P0171,Product_0171,Electronics,350732.67,41284.99,256
P0208,Product_0208,Office Supplies,348499.85,87015.13,301
P0129,Product_0129,Personal Care,346600.41,93017.08,343
P0281,Product_0281,Home Appliances,345212.06,90130.5,202
P0106,Product_0106,Sports,344691.79,81359.62,269
P0435,Product_0435,Grocery,344332.26,50308.35,251
P0150,Product_0150,Electronics,343210.99,83409.97,309
P0099,Product_0099,Personal Care,338388.72,48232.27,265
P0105,Product_0105,Sports,337702.16,56506.85,319
P0456,Product_0456,Personal Care,335746.32,33521.68,289
P0001,Product_0001,Electronics,335492.89,56786.65,232
P0236,Product_0236,Sports,335445.8,117141.35,273
P0078,Product_0078,Home Appliances,334839.92,54885.24,281
P0283,Product_0283,Sports,334609.02,82839.69,337
P0057,Product_0057,Personal Care,331343.86,100473.01,311
P0351,Product_0351,Personal Care,330945.0,27203.53,337
P0248,Product_0248,Grocery,330500.55,27434.67,262
P0365,Product_0365,Electronics,329997.84,118697.59,367
P0076,Product_0076,Grocery,328086.4,31081.25,247
P0323,Product_0323,Personal Care,324240.66,73985.16,275
P0237,Product_0237,Personal Care,323997.94,66986.57,287
P0436,Product_0436,Electronics,323196.52,104626.56,326
P0308,Product_0308,Personal Care,322558.89,51155.73,294
P0342,Product_0342,Home Appliances,322433.77,91834.45,271
P0496,Product_0496,Grocery,321526.43,51398.01,293
P0401,Product_0401,Office Supplies,320374.85,44596.71,358
P0115,Product_0115,Personal Care,316960.54,39522.46,229
P0072,Product_0072,Home Appliances,316875.6,82825.74,258
P0123,Product_0123,Personal Care,314114.72,109255.82,290
P0056,Product_0056,Electronics,312759.15,44700.09,306
P0384,Product_0384,Home Appliances,310836.02,94521.02,300
P0334,Product_0334,Sports,310104.16,101119.93,273
P0188,Product_0188,Grocery,306458.47,40129.48,281
P0247,Product_0247,Sports,304896.58,86233.94,266
P0467,Product_0467,Electronics,304474.0,58445.45,235
P0116,Product_0116,Personal Care,304318.35,102715.83,252
P0471,Product_0471,Sports,304231.81,23357.01,292
P0222,Product_0222,Grocery,304191.61,25669.34,311
P0372,Product_0372,Personal Care,303463.77,37847.13,288
P0227,Product_0227,Sports,301825.85,70900.68,283
P0267,Product_0267,Grocery,300963.66,87718.06,344
P0149,Product_0149,Sports,299775.92,45246.82,293
P0128,Product_0128,Sports,299512.42,54554.56,294
P0003,Product_0003,Personal Care,297994.47,47530.77,291
P0028,Product_0028,Sports,295563.01,41555.29,268
P0484,Product_0484,Sports,295051.2,83766.45,285
P0067,Product_0067,Office Supplies,294945.08,99319.52,267
P0498,Product_0498,Grocery,294199.6,46813.72,301
P0109,Product_0109,Grocery,291279.13,66139.63,243
P0231,Product_0231,Grocery,288051.8,104020.95,235
P0374,Product_0374,Grocery,287300.25,45369.0,275
P0254,Product_0254,Home Appliances,287048.32,41969.57,259
P0434,Product_0434,Electronics,284556.63,38699.59,286
P0036,Product_0036,Electronics,283720.08,60848.48,280
P0220,Product_0220,Office Supplies,281033.17,45303.78,247
P0272,Product_0272,Electronics,281000.03,85801.44,271
P0430,Product_0430,Sports,280775.44,44861.59,333
P0296,Product_0296,Personal Care,279001.32,53491.62,265
P0338,Product_0338,Home Appliances,277802.68,85581.98,290
P0376,Product_0376,Electronics,275233.21,72740.34,257
P0330,Product_0330,Personal Care,273292.11,54903.15,328
P0459,Product_0459,Office Supplies,272616.79,49933.45,267
P0124,Product_0124,Grocery,271750.11,56939.47,346
P0226,Product_0226,Home Appliances,270851.5,72709.98,328
P0452,Product_0452,Office Supplies,269923.19,67457.08,319
P0441,Product_0441,Office Supplies,269324.89,64337.29,360
P0472,Product_0472,Sports,269191.53,39922.15,278
P0038,Product_0038,Sports,269056.69,52270.69,300
P0280,Product_0280,Electronics,267959.23,57680.53,342
P0250,Product_0250,Electronics,266755.38,50325.63,225
P0221,Product_0221,Electronics,266264.74,44631.9,286
P0265,Product_0265,Office Supplies,265106.83,52329.33,325
P0444,Product_0444,Grocery,263817.95,94326.6,265
P0257,Product_0257,Sports,262942.07,92826.43,274
P0069,Product_0069,Electronics,262478.86,72296.0,322
P0065,Product_0065,Grocery,262245.74,34271.54,321
P0062,Product_0062,Sports,262145.59,23827.64,299
P0307,Product_0307,Home Appliances,261589.77,89217.13,296
P0264,Product_0264,Office Supplies,257198.18,88965.83,299
P0490,Product_0490,Personal Care,257115.89,38059.14,275
P0419,Product_0419,Home Appliances,256429.07,82455.77,295
P0061,Product_0061,Office Supplies,255242.66,18931.76,262
P0450,Product_0450,Home Appliances,255159.49,78462.31,297
P0276,Product_0276,Grocery,254336.06,44868.7,296
P0066,Product_0066,Home Appliances,253860.54,86605.14,260
P0428,Product_0428,Sports,249120.67,50029.57,213
P0004,Product_0004,Grocery,249071.13,57697.29,378
P0406,Product_0406,Personal Care,248021.92,26116.45,327
P0420,Product_0420,Personal Care,246835.48,28752.34,279
P0206,Product_0206,Home Appliances,245472.27,82452.11,412
P0321,Product_0321,Home Appliances,241460.64,81882.49,241
P0437,Product_0437,Personal Care,240814.55,52095.45,235
P0135,Product_0135,Sports,240753.46,37825.6,279
P0346,Product_0346,Home Appliances,240711.57,53156.37,336
P0489,Product_0489,Sports,240447.0,37329.8,268
P0497,Product_0497,Electronics,239107.74,64125.18,268
P0148,Product_0148,Home Appliances,235551.95,37389.21,337
P0225,Product_0225,Sports,234355.65,44537.05,340
P0297,Product_0297,Office Supplies,233538.87,34158.15,264
P0410,Product_0410,Electronics,232520.58,73870.66,208
P0027,Product_0027,Grocery,231327.14,66441.92,263
P0166,Product_0166,Sports,229860.85,80606.41,302
P0443,Product_0443,Electronics,229496.08,76435.16,316
P0151,Product_0151,Office Supplies,229212.94,52413.54,295
P0013,Product_0013,Sports,225734.14,22572.96,331
P0481,Product_0481,Home Appliances,224507.99,34898.65,307
P0098,Product_0098,Sports,222425.73,62005.71,311
P0360,Product_0360,Sports,222230.33,33916.58,225
P0195,Product_0195,Office Supplies,221941.7,53863.02,308
P0234,Product_0234,Sports,221698.15,52239.14,271
P0122,Product_0122,Sports,220591.99,21550.19,365
P0488,Product_0488,Personal Care,220461.07,50186.03,284
P0005,Product_0005,Grocery,219914.57,66003.61,316
P0244,Product_0244,Personal Care,217759.59,34335.93,294
P0319,Product_0319,Office Supplies,217082.87,18833.84,279
P0157,Product_0157,Electronics,215353.68,50540.88,290
P0312,Product_0312,Sports,212600.94,58875.06,308
P0230,Product_0230,Home Appliances,212492.99,31181.69,230
P0063,Product_0063,Grocery,211147.31,74821.63,284
P0306,Product_0306,Electronics,209800.21,60361.6,311
P0394,Product_0394,Personal Care,206366.12,65213.32,292
P0408,Product_0408,Electronics,203841.92,16081.04,316
P0073,Product_0073,Grocery,201935.94,38161.82,254
P0119,Product_0119,Home Appliances,200580.37,22730.45,272
P0455,Product_0455,Personal Care,199817.33,17185.37,322
P0451,Product_0451,Office Supplies,198885.06,50337.06,300
P0082,Product_0082,Grocery,197613.2,50333.04,344
P0177,Product_0177,Sports,196660.26,26522.69,347
P0214,Product_0214,Grocery,193857.44,25134.02,282
P0017,Product_0017,Personal Care,193826.89,27468.65,292
P0343,Product_0343,Personal Care,193236.84,35516.2,259
P0034,Product_0034,Personal Care,191066.53,52632.13,272
P0232,Product_0232,Office Supplies,187818.92,60609.32,280
P0477,Product_0477,Office Supplies,186889.81,45985.41,280
P0032,Product_0032,Home Appliances,183701.97,63694.89,306
P0337,Product_0337,Office Supplies,181908.43,56297.37,326
P0169,Product_0169,Grocery,181098.83,35463.97,346
P0415,Product_0415,Electronics,177250.96,24253.77,229
P0339,Product_0339,Home Appliances,174666.57,41559.57,325
P0413,Product_0413,Home Appliances,173323.11,55343.73,293
P0224,Product_0224,Home Appliances,171626.32,58553.36,364
P0404,Product_0404,Office Supplies,165939.3,23218.46,292
P0411,Product_0411,Home Appliances,165243.42,15461.72,271
P0238,Product_0238,Grocery,161877.77,14919.49,314
P0453,Product_0453,Grocery,159832.3,52498.06,309
P0060,Product_0060,Sports,159731.28,58164.48,317
P0080,Product_0080,Sports,159490.62,27671.35,229
P0192,Product_0192,Personal Care,158602.57,52776.72,305
P0126,Product_0126,Personal Care,157951.44,52347.4,316
P0487,Product_0487,Grocery,157781.91,23033.19,309
P0204,Product_0204,Sports,154466.35,21865.57,351
P0059,Product_0059,Sports,153388.89,38726.73,213
P0466,Product_0466,Office Supplies,152743.35,37972.47,288
P0432,Product_0432,Sports,152207.1,19713.1,310
P0286,Product_0286,Office Supplies,150761.51,42185.25,247
P0125,Product_0125,Office Supplies,147772.37,44200.82,295
P0011,Product_0011,Personal Care,144774.39,42697.03,308
P0273,Product_0273,Electronics,143731.2,50450.29,271
P0033,Product_0033,Electronics,142048.5,32915.7,224
P0303,Product_0303,Electronics,138011.06,24565.96,290
P0142,Product_0142,Home Appliances,135105.52,46164.55,307
P0087,Product_0087,Electronics,134044.81,41004.89,382
P0288,Product_0288,Personal Care,133835.01,29679.81,288
P0018,Product_0018,Electronics,133693.14,12527.7,352
P0022,Product_0022,Grocery,133641.85,32841.15,265
P0194,Product_0194,Grocery,131542.14,29358.7,248
P0186,Product_0186,Grocery,127827.28,19351.5,254
P0492,Product_0492,Office Supplies,124668.48,25111.08,365
P0052,Product_0052,Home Appliances,124520.8,24240.34,322
P0289,Product_0289,Personal Care,123785.92,28061.6,262
P0266,Product_0266,Personal Care,122521.71,18695.46,275
P0219,Product_0219,Grocery,121724.25,31858.49,268
P0091,Product_0091,Grocery,120554.48,9835.48,350
P0260,Product_0260,Personal Care,119462.52,28141.23,327
P0468,Product_0468,Personal Care,118946.74,29861.0,349
P0302,Product_0302,Sports,118832.71,16067.23,303
P0369,Product_0369,Electronics,118556.89,20381.79,335
P0085,Product_0085,Personal Care,118405.2,35148.58,271
P0008,Product_0008,Sports,118326.24,40263.32,299
P0016,Product_0016,Sports,115868.41,9737.8,291
P0311,Product_0311,Personal Care,115548.98,39831.82,337
P0275,Product_0275,Grocery,113903.53,32439.13,285
P0040,Product_0040,Personal Care,110217.14,29165.3,318
P0421,Product_0421,Office Supplies,110179.69,25040.59,270
P0114,Product_0114,Grocery,108709.53,28601.11,347
P0483,Product_0483,Home Appliances,108158.24,17054.99,335
P0102,Product_0102,Home Appliances,106934.54,16276.5,242
P0295,Product_0295,Personal Care,106895.68,9510.14,301
P0167,Product_0167,Home Appliances,105699.27,10507.27,292
P0431,Product_0431,Electronics,104982.28,31658.53,375
P0205,Product_0205,Grocery,103957.33,35957.97,286
P0154,Product_0154,Home Appliances,103868.27,24696.74,293
P0113,Product_0113,Personal Care,103439.61,32240.35,253
P0378,Product_0378,Sports,101501.38,29442.47,319
P0163,Product_0163,Grocery,100551.02,33180.86,286
P0212,Product_0212,Sports,98338.34,22525.74,230
P0100,Product_0100,Electronics,98133.39,34828.59,260
P0159,Product_0159,Personal Care,97470.49,16717.21,307
P0187,Product_0187,Electronics,95942.46,34019.76,210
P0223,Product_0223,Sports,94153.91,10634.26,293
P0019,Product_0019,Office Supplies,93483.89,11006.45,296
P0358,Product_0358,Office Supplies,93322.28,19560.86,267
P0199,Product_0199,Grocery,92537.9,31207.68,353
P0014,Product_0014,Sports,92497.03,12269.33,245
P0333,Product_0333,Home Appliances,91564.41,31633.31,230
P0261,Product_0261,Sports,88360.81,24935.47,311
P0429,Product_0429,Electronics,87876.88,14143.81,237
P0414,Product_0414,Electronics,87789.18,12571.14,333
P0112,Product_0112,Sports,87647.04,26455.88,214
P0386,Product_0386,Electronics,85740.48,16604.22,258
P0298,Product_0298,Grocery,82115.89,25519.09,260
P0201,Product_0201,Grocery,80874.93,20350.29,396
P0475,Product_0475,Personal Care,78935.58,11302.5,263
P0370,Product_0370,Sports,78548.38,26048.31,349
P0044,Product_0044,Grocery,76897.16,9520.73,269
P0139,Product_0139,Grocery,76164.81,10327.85,232
P0263,Product_0263,Home Appliances,75752.33,18162.09,328
P0393,Product_0393,Grocery,74620.66,24040.9,308
P0482,Product_0482,Sports,73864.11,19545.51,324
P0179,Product_0179,Office Supplies,73287.54,19755.54,300
P0478,Product_0478,Electronics,73158.53,16887.21,292
P0318,Product_0318,Sports,73035.16,21209.56,288
P0473,Product_0473,Grocery,72230.38,24211.03,339
P0089,Product_0089,Sports,70480.4,14823.89,247
P0037,Product_0037,Office Supplies,69369.02,22917.98,282
P0023,Product_0023,Home Appliances,68481.13,17966.05,294
P0305,Product_0305,Personal Care,67550.41,12513.61,351
P0042,Product_0042,Sports,65079.19,14437.56,299
P0021,Product_0021,Personal Care,65054.04,11768.92,304
P0172,Product_0172,Electronics,65032.09,21661.09,305
P0174,Product_0174,Sports,61540.32,15613.12,272
P0385,Product_0385,Electronics,61183.52,21553.6,242
P0185,Product_0185,Grocery,61034.61,18701.57,284
P0485,Product_0485,Grocery,60507.46,9693.1,276
P0009,Product_0009,Home Appliances,60312.48,5858.08,280
P0031,Product_0031,Grocery,55258.67,9289.01,297
P0165,Product_0165,Grocery,53844.19,19036.35,268
P0400,Product_0400,Home Appliances,52976.2,18020.56,267
P0476,Product_0476,Sports,50347.03,16448.53,225
P0235,Product_0235,Grocery,46331.81,5998.13,284
P0020,Product_0020,Grocery,45926.65,12761.2,285
P0345,Product_0345,Office Supplies,45560.77,12139.39,361
P0383,Product_0383,Office Supplies,45543.58,5338.38,280
P0285,Product_0285,Grocery,44140.32,9978.17,347
P0145,Product_0145,Office Supplies,43948.79,13701.95,299
P0433,Product_0433,Sports,41238.71,4699.62,331
P0397,Product_0397,Electronics,40813.76,12210.52,326
P0340,Product_0340,Office Supplies,38083.55,8880.95,238
P0494,Product_0494,Personal Care,33447.13,3473.33,365
P0491,Product_0491,Office Supplies,32994.34,11119.3,264
P0173,Product_0173,Sports,32396.64,8810.88,264
P0269,Product_0269,Personal Care,31584.37,3166.87,270
