product_id,product_name,category,unit_cost,unit_price
P0001,Product_0001,Electronics,1201.32,1537.9
P0002,Product_0002,Sports,1572.08,2061.38
P0003,Product_0003,Personal Care,860.7,1094.16
P0004,Product_0004,Grocery,506.28,703.69
P0005,Product_0005,Grocery,487.06,726.51
P0006,Product_0006,Office Supplies,1363.14,1723.18
P0007,Product_0007,Electronics,1484.5,1952.66
P0008,Product_0008,Sports,261.08,421.69
P0009,Product_0009,Home Appliances,194.48,228.37
P0010,Product_0010,Electronics,1102.43,1521.78
P0011,Product_0011,Personal Care,331.42,499.05
P0012,Product_0012,Office Supplies,1498.42,1835.9
P0013,Product_0013,Sports,613.78,720.39
P0014,Product_0014,Sports,327.46,399.21
P0015,Product_0015,Sports,1664.07,2678.17
P0016,Product_0016,Sports,364.71,421.11
P0017,Product_0017,Personal Care,569.72,708.82
P0018,Product_0018,Electronics,344.22,401.24
P0019,Product_0019,Office Supplies,278.64,335.85
P0020,Product_0020,Grocery,116.37,169.91
P0021,Product_0021,Personal Care,175.28,222.75
P0022,Product_0022,Grocery,380.38,545.7
P0023,Product_0023,Home Appliances,171.82,248.3
P0024,Product_0024,Office Supplies,1096.77,1727.1
P0025,Product_0025,Sports,1250.83,1441.42
P0026,Product_0026,Personal Care,757.04,1193.61
P0027,Product_0027,Grocery,626.94,915.06
P0028,Product_0028,Sports,947.79,1167.08
P0029,Product_0029,Personal Care,1585.01,2435.32
P0030,Product_0030,Grocery,1543.95,2435.96
P0031,Product_0031,Grocery,154.78,197.67
P0032,Product_0032,Home Appliances,392.18,631.17
P0033,Product_0033,Electronics,487.2,670.99
P0034,Product_0034,Personal Care,508.95,738.85
P0035,Product_0035,Office Supplies,1062.52,1745.0
P0036,Product_0036,Electronics,795.97,1059.25
P0037,Product_0037,Office Supplies,164.72,256.4
P0038,Product_0038,Sports,722.62,946.05
P0039,Product_0039,Home Appliances,980.86,1519.95
P0040,Product_0040,Personal Care,254.88,369.67
P0041,Product_0041,Electronics,1513.55,1904.32
P0042,Product_0042,Sports,169.37,229.84
P0043,Product_0043,Sports,1670.73,2186.68
P0044,Product_0044,Grocery,250.47,297.82
P0045,Product_0045,Electronics,1530.95,1783.43
P0046,Product_0046,Office Supplies,1632.56,2160.27
P0047,Product_0047,Grocery,1764.86,2046.39
P0048,Product_0048,Office Supplies,1459.48,1799.17
P0049,Product_0049,Sports,1420.7,2148.94
P0050,Product_0050,Sports,1185.07,1782.4
P0051,Product_0051,Sports,1419.87,2157.19
P0052,Product_0052,Home Appliances,311.43,407.53
P0053,Product_0053,Grocery,1002.04,1598.26
P0054,Product_0054,Grocery,964.46,1395.49
P0055,Product_0055,Grocery,1555.02,1886.26
P0056,Product_0056,Electronics,876.01,1070.36
P0057,Product_0057,Personal Care,742.35,1110.96
P0058,Product_0058,Electronics,1180.05,1459.1
P0059,Product_0059,Sports,538.32,755.61
P0060,Product_0060,Sports,320.4,527.34
P0061,Product_0061,Office Supplies,901.95,1039.05
P0062,Product_0062,Sports,797.05,923.21
P0063,Product_0063,Grocery,480.02,790.37
P0064,Product_0064,Office Supplies,712.12,1027.1
P0065,Product_0065,Grocery,710.2,861.8
P0066,Product_0066,Home Appliances,643.29,1028.4
P0067,Product_0067,Office Supplies,732.68,1165.1
P0068,Product_0068,Grocery,1259.48,1786.07
P0069,Product_0069,Electronics,590.63,862.85
P0070,Product_0070,Grocery,1712.04,2202.7
P0071,Product_0071,Sports,1656.12,1946.37
P0072,Product_0072,Home Appliances,907.17,1312.93
P0073,Product_0073,Grocery,644.78,836.52
P0074,Product_0074,Electronics,1000.95,1483.22
P0075,Product_0075,Sports,1539.52,2414.16
P0076,Product_0076,Grocery,1202.45,1393.74
P0077,Product_0077,Home Appliances,1463.55,2119.01
P0078,Product_0078,Home Appliances,996.28,1260.93
P0079,Product_0079,Personal Care,1168.62,1854.53
P0080,Product_0080,Sports,575.63,734.98
P0081,Product_0081,Office Supplies,1344.02,1956.07
P0082,Product_0082,Grocery,428.14,610.86
P0083,Product_0083,Electronics,1275.05,1718.87
P0084,Product_0084,Sports,1560.44,2323.2
P0085,Product_0085,Personal Care,307.22,464.79
P0086,Product_0086,Sports,1136.73,1629.47
P0087,Product_0087,Electronics,243.56,372.45
P0088,Product_0088,Home Appliances,1328.23,2180.57
P0089,Product_0089,Sports,225.33,306.37
P0090,Product_0090,Sports,1689.82,2378.07
P0091,Product_0091,Grocery,316.34,365.76
P0092,Product_0092,Sports,1729.27,2676.93
P0093,Product_0093,Office Supplies,1457.52,2055.27
P0094,Product_0094,Grocery,1101.13,1490.91
P0095,Product_0095,Office Supplies,1426.11,1707.1
P0096,Product_0096,Home Appliances,1447.6,2308.67
P0097,Product_0097,Home Appliances,1707.17,2300.42
P0098,Product_0098,Sports,515.82,769.24
P0099,Product_0099,Personal Care,1094.93,1340.95
P0100,Product_0100,Electronics,243.48,397.06
P0101,Product_0101,Sports,1139.81,1412.48
P0102,Product_0102,Home Appliances,374.62,468.19
P0103,Product_0103,Sports,1051.72,1661.18
P0104,Product_0104,Electronics,1064.58,1710.03
P0105,Product_0105,Sports,881.49,1107.22
P0106,Product_0106,Sports,978.93,1355.72
P0107,Product_0107,Sports,1393.95,2114.27
P0108,Product_0108,Personal Care,1454.7,2311.78
P0109,Product_0109,Grocery,926.5,1241.07
P0110,Product_0110,Sports,1111.3,1565.28
P0111,Product_0111,Home Appliances,1681.73,2557.67
P0112,Product_0112,Sports,285.94,433.36
P0113,Product_0113,Personal Care,281.42,433.8
P0114,Product_0114,Grocery,230.86,331.28
P0115,Product_0115,Personal Care,1211.52,1456.62
P0116,Product_0116,Personal Care,800.01,1281.61
P0117,Product_0117,Electronics,1411.83,2234.63
P0118,Product_0118,Electronics,1234.52,1912.33
P0119,Product_0119,Home Appliances,653.86,784.59
P0120,Product_0120,Electronics,1625.19,2035.06
P0121,Product_0121,Grocery,1391.56,2117.68
P0122,Product_0122,Sports,545.32,633.43
P0123,Product_0123,Personal Care,706.41,1158.24
P0124,Product_0124,Grocery,620.84,831.04
P0125,Product_0125,Office Supplies,351.09,530.03
P0126,Product_0126,Personal Care,334.19,532.63
P0127,Product_0127,Electronics,1690.14,2277.15
P0128,Product_0128,Sports,833.19,1091.12
P0129,Product_0129,Personal Care,739.31,1075.23
P0130,Product_0130,Personal Care,1335.06,1923.15
P0131,Product_0131,Personal Care,1031.15,1396.76
P0132,Product_0132,Personal Care,1690.16,2452.23
P0133,Product_0133,Electronics,1422.12,2300.55
P0134,Product_0134,Personal Care,904.52,1251.69
P0135,Product_0135,Sports,727.34,907.99
P0136,Product_0136,Home Appliances,1777.01,2378.71
P0137,Product_0137,Personal Care,1314.55,1770.77
P0138,Product_0138,Electronics,1716.05,2085.95
P0139,Product_0139,Grocery,283.78,349.46
P0140,Product_0140,Grocery,1542.92,2302.47
P0141,Product_0141,Office Supplies,1175.77,1551.71
P0142,Product_0142,Home Appliances,289.71,471.49
P0143,Product_0143,Home Appliances,1091.8,1388.55
P0144,Product_0144,Grocery,1260.09,1511.43
P0145,Product_0145,Office Supplies,101.16,154.45
P0146,Product_0146,Office Supplies,861.43,1370.12
P0147,Product_0147,Electronics,1499.69,1933.19
P0148,Product_0148,Home Appliances,588.02,735.64
P0149,Product_0149,Sports,868.7,1079.69
P0150,Product_0150,Electronics,840.78,1186.35
P0151,Product_0151,Office Supplies,599.32,829.58
P0152,Product_0152,Home Appliances,1659.72,2123.98
P0153,Product_0153,Office Supplies,1423.83,1669.56
P0154,Product_0154,Home Appliances,270.21,375.79
P0155,Product_0155,Grocery,1794.9,2925.09
P0156,Product_0156,Personal Care,1592.22,2350.53
P0157,Product_0157,Electronics,568.32,794.37
P0158,Product_0158,Personal Care,1519.46,1831.48
P0159,Product_0159,Personal Care,263.04,335.7
P0160,Product_0160,Sports,1798.46,2333.3
P0161,Product_0161,Office Supplies,1224.98,1877.16
P0162,Product_0162,Personal Care,1198.22,1903.2
P0163,Product_0163,Grocery,235.56,377.09
P0164,Product_0164,Grocery,1622.9,2665.26
P0165,Product_0165,Grocery,129.88,213.16
P0166,Product_0166,Sports,494.22,803.85
P0167,Product_0167,Home Appliances,326.0,386.61
P0168,Product_0168,Home Appliances,1416.04,1726.01
P0169,Product_0169,Grocery,420.91,548.12
P0170,Product_0170,Electronics,1646.3,2348.36
P0171,Product_0171,Electronics,1208.78,1448.71
P0172,Product_0172,Electronics,142.2,223.67
P0173,Product_0173,Sports,89.34,130.29
P0174,Product_0174,Sports,168.85,239.97
P0175,Product_0175,Sports,1122.19,1383.27
P0176,Product_0176,Grocery,1458.55,1862.03
P0177,Product_0177,Sports,490.31,603.16
P0178,Product_0178,Electronics,1540.98,2428.53
P0179,Product_0179,Office Supplies,178.44,257.33
P0180,Product_0180,Personal Care,1457.66,2212.09
P0181,Product_0181,Office Supplies,1675.81,2175.23
P0182,Product_0182,Electronics,1408.03,1880.6
P0183,Product_0183,Grocery,1280.77,1732.15
P0184,Product_0184,Sports,1521.33,2327.65
P0185,Product_0185,Grocery,149.06,228.98
P0186,Product_0186,Grocery,427.07,535.29
P0187,Product_0187,Electronics,294.87,477.92
P0188,Product_0188,Grocery,947.79,1147.14
P0189,Product_0189,Home Appliances,1361.72,2176.11
P0190,Product_0190,Home Appliances,1163.62,1396.57
P0191,Product_0191,Sports,1543.95,1979.76
P0192,Product_0192,Personal Care,346.97,545.87
P0193,Product_0193,Personal Care,1343.55,1665.66
P0194,Product_0194,Grocery,412.03,559.04
P0195,Product_0195,Office Supplies,545.71,750.31
P0196,Product_0196,Electronics,1301.04,1655.74
P0197,Product_0197,Grocery,1765.95,2657.97
P0198,Product_0198,Electronics,1131.86,1783.43
P0199,Product_0199,Grocery,173.74,275.78
P0200,Product_0200,Office Supplies,1140.05,1504.48
P0201,Product_0201,Grocery,152.84,216.33
P0202,Product_0202,Office Supplies,1600.73,2039.66
P0203,Product_0203,Grocery,1300.47,1654.72
P0204,Product_0204,Sports,377.78,464.91
P0205,Product_0205,Grocery,237.76,385.17
P0206,Product_0206,Home Appliances,395.68,630.71
P0207,Product_0207,Sports,1765.65,2716.77
P0208,Product_0208,Office Supplies,868.72,1223.88
P0209,Product_0209,Home Appliances,1428.62,1993.36
P0210,Product_0210,Sports,1174.62,1661.94
P0211,Product_0211,Home Appliances,1064.55,1509.83
P0212,Product_0212,Sports,329.62,450.68
P0213,Product_0213,Sports,1707.16,2075.7
P0214,Product_0214,Grocery,598.31,725.65
P0215,Product_0215,Sports,1074.19,1746.77
P0216,Product_0216,Home Appliances,1283.61,1785.52
P0217,Product_0217,Electronics,1196.68,1946.52
P0218,Product_0218,Electronics,1697.82,2091.36
P0219,Product_0219,Grocery,335.32,478.57
P0220,Product_0220,Office Supplies,954.37,1196.65
P0221,Product_0221,Electronics,774.94,989.28
P0222,Product_0222,Grocery,895.57,1043.36
P0223,Product_0223,Sports,285.05,344.76
P0224,Product_0224,Home Appliances,310.64,499.64
P0225,Product_0225,Sports,558.29,731.79
P0226,Product_0226,Home Appliances,604.09,878.39
P0227,Product_0227,Sports,815.99,1128.11
P0228,Product_0228,Personal Care,1130.9,1526.97
P0229,Product_0229,Personal Care,1171.56,1658.86
P0230,Product_0230,Home Appliances,788.31,980.36
P0231,Product_0231,Grocery,783.11,1287.67
P0232,Product_0232,Office Supplies,454.32,708.35
P0233,Product_0233,Electronics,1091.89,1660.55
P0234,Product_0234,Sports,625.31,865.67
P0235,Product_0235,Grocery,142.02,174.18
P0236,Product_0236,Sports,799.65,1287.7
P0237,Product_0237,Personal Care,895.51,1182.69
P0238,Product_0238,Grocery,468.02,549.95
P0239,Product_0239,Home Appliances,1064.63,1406.59
P0240,Product_0240,Personal Care,1053.13,1629.43
P0241,Product_0241,Electronics,1287.44,1881.41
P0242,Product_0242,Personal Care,1194.47,1822.07
P0243,Product_0243,Electronics,1202.18,1859.55
P0244,Product_0244,Personal Care,623.89,783.59
P0245,Product_0245,Personal Care,1434.38,2312.07
P0246,Product_0246,Electronics,1024.53,1402.58
P0247,Product_0247,Sports,822.04,1207.99
P0248,Product_0248,Grocery,1156.74,1331.59
P0249,Product_0249,Sports,700.33,1153.22
P0250,Product_0250,Electronics,961.91,1241.3
P0251,Product_0251,Home Appliances,1347.13,1591.0
P0252,Product_0252,Grocery,1604.61,2212.97
P0253,Product_0253,Home Appliances,1664.22,2021.22
P0254,Product_0254,Home Appliances,946.25,1160.26
P0255,Product_0255,Personal Care,974.87,1429.3
P0256,Product_0256,Electronics,1455.78,1960.15
P0257,Product_0257,Sports,620.86,1000.16
P0258,Product_0258,Electronics,1520.3,1990.95
P0259,Product_0259,Home Appliances,929.92,1407.05
P0260,Product_0260,Personal Care,279.27,385.55
P0261,Product_0261,Sports,203.94,301.83
P0262,Product_0262,Home Appliances,1528.23,2215.7
P0263,Product_0263,Home Appliances,175.58,243.42
P0264,Product_0264,Office Supplies,562.65,914.32
P0265,Product_0265,Office Supplies,654.7,865.09
P0266,Product_0266,Personal Care,377.55,467.64
P0267,Product_0267,Grocery,619.9,923.06
P0268,Product_0268,Grocery,1357.43,2135.24
P0269,Product_0269,Personal Care,105.25,123.16
P0270,Product_0270,Personal Care,1502.74,2065.99
P0271,Product_0271,Home Appliances,1553.26,2479.38
P0272,Product_0272,Electronics,720.29,1098.3
P0273,Product_0273,Electronics,344.21,566.54
P0274,Product_0274,Office Supplies,1113.45,1576.32
P0275,Product_0275,Grocery,285.84,423.04
P0276,Product_0276,Grocery,707.66,920.84
P0277,Product_0277,Grocery,1728.5,2806.68
P0278,Product_0278,Sports,1792.2,2389.3
P0279,Product_0279,Electronics,1408.02,2139.14
P0280,Product_0280,Electronics,614.85,831.01
P0281,Product_0281,Home Appliances,1262.78,1806.92
P0282,Product_0282,Grocery,1293.3,1952.74
P0283,Product_0283,Sports,747.09,1049.26
P0284,Product_0284,Grocery,1182.33,1895.92
P0285,Product_0285,Grocery,98.45,133.86
P0286,Product_0286,Office Supplies,439.58,647.74
P0287,Product_0287,Electronics,983.15,1298.92
P0288,Product_0288,Personal Care,361.65,489.7
P0289,Product_0289,Personal Care,365.36,500.55
P0290,Product_0290,Grocery,1518.44,1841.72
P0291,Product_0291,Sports,1781.31,2130.2
P0292,Product_0292,Home Appliances,1036.27,1537.56
P0293,Product_0293,Office Supplies,1523.2,2250.92
P0294,Product_0294,Home Appliances,1783.35,2641.95
P0295,Product_0295,Personal Care,323.54,375.27
P0296,Product_0296,Personal Care,850.98,1117.57
P0297,Product_0297,Office Supplies,755.23,943.21
P0298,Product_0298,Grocery,217.68,335.03
P0299,Product_0299,Home Appliances,1379.17,2179.52
P0300,Product_0300,Electronics,826.1,1051.91
P0301,Product_0301,Grocery,887.24,1316.6
P0302,Product_0302,Sports,339.16,411.97
P0303,Product_0303,Electronics,391.19,503.69
P0304,Product_0304,Office Supplies,1640.22,1999.96
P0305,Product_0305,Personal Care,156.8,202.55
P0306,Product_0306,Electronics,480.51,714.7
P0307,Product_0307,Home Appliances,582.34,934.75
P0308,Product_0308,Personal Care,923.14,1155.09
P0309,Product_0309,Home Appliances,1088.69,1547.07
P0310,Product_0310,Electronics,928.46,1393.34
P0311,Product_0311,Personal Care,224.68,365.43
P0312,Product_0312,Sports,499.11,726.22
P0313,Product_0313,Electronics,1530.97,1955.9
P0314,Product_0314,Home Appliances,1176.65,1721.13
P0315,Product_0315,Home Appliances,1196.54,1567.76
P0316,Product_0316,Personal Care,1232.75,2019.32
P0317,Product_0317,Sports,1392.19,1879.23
P0318,Product_0318,Sports,179.95,268.61
P0319,Product_0319,Office Supplies,710.57,825.41
P0320,Product_0320,Sports,1007.99,1360.82
P0321,Product_0321,Home Appliances,662.15,1051.2
P0322,Product_0322,Electronics,1532.5,2229.96
P0323,Product_0323,Personal Care,910.02,1248.52
P0324,Product_0324,Office Supplies,1402.04,2268.46
P0325,Product_0325,Office Supplies,1545.47,2437.19
P0326,Product_0326,Home Appliances,948.24,1243.24
P0327,Product_0327,Home Appliances,1644.43,2338.83
P0328,Product_0328,Electronics,1089.85,1520.24
P0329,Product_0329,Electronics,1542.47,2261.42
P0330,Product_0330,Personal Care,665.82,876.92
P0331,Product_0331,Personal Care,937.97,1193.19
P0332,Product_0332,Grocery,994.03,1596.75
P0333,Product_0333,Home Appliances,260.57,420.02
P0334,Product_0334,Sports,765.51,1203.12
P0335,Product_0335,Grocery,1657.82,2717.34
P0336,Product_0336,Sports,1165.03,1773.75
P0337,Product_0337,Office Supplies,385.31,590.42
P0338,Product_0338,Home Appliances,662.83,1014.99
P0339,Product_0339,Home Appliances,409.56,569.41
P0340,Product_0340,Office Supplies,122.7,169.11
P0341,Product_0341,Personal Care,1675.23,2127.73
P0342,Product_0342,Home Appliances,850.92,1252.9
P0343,Product_0343,Personal Care,608.96,788.4
P0344,Product_0344,Personal Care,1109.38,1418.79
P0345,Product_0345,Office Supplies,92.58,133.59
P0346,Product_0346,Home Appliances,558.2,756.36
P0347,Product_0347,Office Supplies,1289.22,1623.68
P0348,Product_0348,Office Supplies,1170.08,1823.02
P0349,Product_0349,Home Appliances,1768.71,2795.07
P0350,Product_0350,Electronics,1147.02,1415.25
P0351,Product_0351,Personal Care,901.31,1039.89
P0352,Product_0352,Electronics,1389.66,1831.66
P0353,Product_0353,Home Appliances,1633.72,2530.23
P0354,Product_0354,Grocery,1319.6,2071.23
P0355,Product_0355,Office Supplies,1736.72,2117.35
P0356,Product_0356,Office Supplies,1425.05,2190.54
P0357,Product_0357,Electronics,1570.9,1897.41
P0358,Product_0358,Office Supplies,276.26,371.58
P0359,Product_0359,Electronics,1339.75,2209.66
P0360,Product_0360,Sports,836.95,1043.09
P0361,Product_0361,Office Supplies,1031.34,1265.44
P0362,Product_0362,Office Supplies,1205.06,1640.57
P0363,Product_0363,Home Appliances,1748.08,2551.91
P0364,Product_0364,Office Supplies,1773.47,2866.73
P0365,Product_0365,Electronics,575.75,944.47
P0366,Product_0366,Personal Care,1342.06,1590.1
P0367,Product_0367,Grocery,1369.97,1669.99
P0368,Product_0368,Home Appliances,675.97,1044.62
P0369,Product_0369,Electronics,293.06,376.67
P0370,Product_0370,Sports,150.43,239.55
P0371,Product_0371,Grocery,1417.03,2099.65
P0372,Product_0372,Personal Care,922.28,1112.2
P0373,Product_0373,Grocery,1775.13,2780.32
P0374,Product_0374,Grocery,879.75,1089.29
P0375,Product_0375,Office Supplies,1762.02,2399.43
P0376,Product_0376,Electronics,787.91,1123.63
P0377,Product_0377,Sports,1445.13,2023.74
P0378,Product_0378,Sports,225.89,337.27
P0379,Product_0379,Grocery,1035.39,1528.59
P0380,Product_0380,Home Appliances,1459.54,2402.43
P0381,Product_0381,Electronics,1670.49,2755.83
P0382,Product_0382,Office Supplies,1494.84,2105.08
P0383,Product_0383,Office Supplies,143.59,171.96
P0384,Product_0384,Home Appliances,721.05,1091.61
P0385,Product_0385,Electronics,163.76,268.29
P0386,Product_0386,Electronics,267.97,350.82
P0387,Product_0387,Electronics,1241.53,1714.06
P0388,Product_0388,Sports,1306.8,1780.37
P0389,Product_0389,Office Supplies,1410.8,1658.69
P0390,Product_0390,Electronics,1568.59,2331.13
P0391,Product_0391,Sports,1351.82,1793.42
P0392,Product_0392,Home Appliances,1457.5,2249.99
P0393,Product_0393,Grocery,164.22,257.18
P0394,Product_0394,Personal Care,483.4,754.4
P0395,Product_0395,Sports,1149.66,1561.62
P0396,Product_0396,Office Supplies,1555.98,2039.54
P0397,Product_0397,Electronics,87.74,133.75
P0398,Product_0398,Home Appliances,965.16,1496.67
P0399,Product_0399,Home Appliances,1244.93,1737.46
P0400,Product_0400,Home Appliances,130.92,209.02
P0401,Product_0401,Office Supplies,770.33,941.31
P0402,Product_0402,Sports,1620.49,2575.82
P0403,Product_0403,Home Appliances,1235.17,1479.79
P0404,Product_0404,Office Supplies,488.77,599.6
P0405,Product_0405,Grocery,1546.78,2191.66
P0406,Product_0406,Personal Care,678.61,803.31
P0407,Product_0407,Grocery,1547.75,1820.78
P0408,Product_0408,Electronics,594.18,683.46
P0409,Product_0409,Office Supplies,1095.35,1498.61
P0410,Product_0410,Electronics,762.74,1172.57
P0411,Product_0411,Home Appliances,552.7,645.23
P0412,Product_0412,Home Appliances,1604.88,2369.01
P0413,Product_0413,Home Appliances,402.66,628.78
P0414,Product_0414,Electronics,225.88,278.74
P0415,Product_0415,Electronics,668.11,817.39
P0416,Product_0416,Sports,1314.34,2077.18
P0417,Product_0417,Office Supplies,1468.78,2293.59
P0418,Product_0418,Electronics,1797.84,2551.98
P0419,Product_0419,Home Appliances,589.74,919.76
P0420,Product_0420,Personal Care,781.66,935.16
P0421,Product_0421,Office Supplies,315.33,424.83
P0422,Product_0422,Sports,1068.78,1623.37
P0423,Product_0423,Sports,1795.84,2296.39
P0424,Product_0424,Personal Care,1285.52,1961.91
P0425,Product_0425,Grocery,1103.77,1547.58
P0426,Product_0426,Home Appliances,754.87,1151.28
P0427,Product_0427,Office Supplies,1654.31,2286.82
P0428,Product_0428,Sports,934.7,1246.85
P0429,Product_0429,Electronics,311.11,391.87
P0430,Product_0430,Sports,708.45,888.53
P0431,Product_0431,Electronics,195.53,298.33
P0432,Product_0432,Sports,427.4,516.92
P0433,Product_0433,Sports,110.39,131.69
P0434,Product_0434,Electronics,859.64,1064.36
P0435,Product_0435,Grocery,1171.41,1449.82
P0436,Product_0436,Electronics,670.46,1046.96
P0437,Product_0437,Personal Care,803.06,1083.53
P0438,Product_0438,Office Supplies,1729.84,2845.92
P0439,Product_0439,Electronics,1373.38,1673.61
P0440,Product_0440,Grocery,1010.27,1491.94
P0441,Product_0441,Office Supplies,569.41,782.58
P0442,Product_0442,Home Appliances,1622.83,2185.07
P0443,Product_0443,Electronics,484.37,768.96
P0444,Product_0444,Grocery,639.59,1047.52
P0445,Product_0445,Personal Care,1643.59,2607.44
P0446,Product_0446,Personal Care,990.81,1234.7
P0447,Product_0447,Home Appliances,1356.79,1710.1
P0448,Product_0448,Office Supplies,1096.08,1620.05
P0449,Product_0449,Personal Care,1203.92,1558.52
P0450,Product_0450,Home Appliances,594.94,902.74
P0451,Product_0451,Office Supplies,495.16,709.67
P0452,Product_0452,Office Supplies,634.69,904.72
P0453,Product_0453,Grocery,347.36,543.37
P0454,Product_0454,Electronics,1583.82,2384.07
P0455,Product_0455,Personal Care,567.18,659.79
P0456,Product_0456,Personal Care,1045.76,1228.49
P0457,Product_0457,Electronics,1442.2,2092.31
P0458,Product_0458,Personal Care,1428.18,1989.59
P0459,Product_0459,Office Supplies,834.02,1067.62
P0460,Product_0460,Electronics,899.16,1222.25
P0461,Product_0461,Sports,1790.89,2738.19
P0462,Product_0462,Electronics,1240.31,1938.98
P0463,Product_0463,Sports,1481.18,2118.99
P0464,Product_0464,Grocery,1632.39,2191.79
P0465,Product_0465,Electronics,1434.65,1844.03
P0466,Product_0466,Office Supplies,398.51,562.28
P0467,Product_0467,Electronics,1046.93,1368.73
P0468,Product_0468,Personal Care,255.26,365.54
P0469,Product_0469,Home Appliances,1203.03,1790.5
P0470,Product_0470,Office Supplies,1723.2,2038.61
P0471,Product_0471,Sports,961.9,1106.7
P0472,Product_0472,Sports,824.71,1035.95
P0473,Product_0473,Grocery,141.65,226.25
P0474,Product_0474,Grocery,1730.81,2549.73
P0475,Product_0475,Personal Care,257.16,317.84
P0476,Product_0476,Sports,150.66,240.32
P0477,Product_0477,Office Supplies,503.23,696.96
P0478,Product_0478,Electronics,192.71,267.49
P0479,Product_0479,Personal Care,862.8,1395.81
P0480,Product_0480,Electronics,967.67,1141.6
P0481,Product_0481,Home Appliances,617.62,776.71
P0482,Product_0482,Sports,167.65,241.9
P0483,Product_0483,Home Appliances,271.95,339.32
P0484,Product_0484,Sports,741.35,1104.44
P0485,Product_0485,Grocery,184.11,231.43
P0486,Product_0486,Home Appliances,1280.89,1536.53
P0487,Product_0487,Grocery,436.08,546.62
P0488,Product_0488,Personal Care,599.56,816.22
P0489,Product_0489,Sports,757.9,938.33
P0490,Product_0490,Personal Care,796.57,969.7
P0491,Product_0491,Office Supplies,82.86,130.93
P0492,Product_0492,Office Supplies,272.76,357.37
P0493,Product_0493,Sports,1563.96,2080.66
P0494,Product_0494,Personal Care,82.12,96.71
P0495,Product_0495,Home Appliances,954.05,1267.63
P0496,Product_0496,Grocery,921.94,1182.3
P0497,Product_0497,Electronics,652.92,950.16
P0498,Product_0498,Grocery,821.88,1029.57
P0499,Product_0499,Office Supplies,1422.6,2267.88
P0500,Product_0500,Grocery,1526.87,2465.64
