store_id,store_name,region,city
S001,Store_001,West,Ahmedabad
S002,Store_002,North,Jaipur
S003,Store_003,West,Mumbai
S004,Store_004,North,Delhi
S005,Store_005,North,Lucknow
S006,Store_006,North,Delhi
S007,Store_007,East,Ranchi
S008,Store_008,West,Surat
S009,Store_009,East,Kolkata
S010,Store_010,North,Chandigarh
S011,Store_011,North,Chandigarh
S012,Store_012,Central,Indore
S013,Store_013,Central,Nagpur
S014,Store_014,West,Pune
S015,Store_015,North,Jaipur
S016,Store_016,Central,Indore
S017,Store_017,West,Surat
S018,Store_018,East,Patna
S019,Store_019,North,Jaipur
S020,Store_020,Central,Raipur
S021,Store_021,East,Ranchi
S022,Store_022,North,Lucknow
S023,Store_023,South,Hyderabad
S024,Store_024,East,Bhubaneswar
S025,Store_025,North,Lucknow
S026,Store_026,South,Chennai
S027,Store_027,East,Bhubaneswar
S028,Store_028,Central,Indore
S029,Store_029,North,Lucknow
S030,Store_030,East,Patna
S031,Store_031,Central,Indore
S032,Store_032,Central,Indore
S033,Store_033,Central,Indore
S034,Store_034,North,Chandigarh
S035,Store_035,Central,Indore
S036,Store_036,Central,Nagpur
S037,Store_037,South,Chennai
S038,Store_038,East,Bhubaneswar
S039,Store_039,East,Ranchi
S040,Store_040,East,Bhubaneswar
S041,Store_041,South,Bengaluru
S042,Store_042,Central,Indore
S043,Store_043,Central,Nagpur
S044,Store_044,South,Bengaluru
S045,Store_045,Central,Indore
S046,Store_046,South,Bengaluru
S047,Store_047,West,Ahmedabad
S048,Store_048,East,Patna
S049,Store_049,East,Ranchi
S050,Store_050,North,Jaipur
